0.0-0.1,0.1-0.2,0.2-0.3,0.3-0.4,0.4-0.5,0.5-0.6,0.6-0.7,0.7-0.8,0.8-0.9,0.9-1.0,task_id,round_number
1,0,0,0,0,0,0,0,0,0,1069,1
1,0,0,0,0,0,0,0,0,0,9204,1
1,0,0,0,0,0,0,0,0,0,2886,1
1,0,0,0,0,0,0,0,0,0,4943,1
1,0,0,0,0,0,0,0,0,0,6628,1
1,0,0,0,0,0,0,0,0,0,2288,1
1,0,0,0,0,0,0,0,0,0,909,1
1,0,0,0,0,0,0,0,0,0,8574,1
1,0,0,0,0,0,0,0,0,0,5059,1
1,0,0,0,0,0,0,0,0,0,551,1
1,0,0,0,0,0,0,0,0,0,6425,1
1,0,0,0,0,0,0,0,0,0,1264,1
1,0,0,0,0,0,0,0,0,0,1056,1
1,0,0,0,0,0,0,0,0,0,5630,1
1,0,0,0,0,0,0,0,0,0,6889,1
1,0,0,0,0,0,0,0,0,0,2627,1
1,0,0,0,0,0,0,0,0,0,338,1
1,0,0,0,0,0,0,0,0,0,5066,1
1,0,0,0,0,0,0,0,0,0,7963,1
1,0,0,0,0,0,0,0,0,0,764,1
1,0,0,0,0,0,0,0,0,0,5862,1
1,0,0,0,0,0,0,0,0,0,8741,1
1,0,0,0,0,0,0,0,0,0,2875,1
1,0,0,0,0,0,0,0,0,0,132,1
1,0,0,0,0,0,0,0,0,0,2881,1
1,0,0,0,0,0,0,0,0,0,9031,1
1,0,0,0,0,0,0,0,0,0,59,1
1,0,0,0,0,0,0,0,0,0,1852,1
1,0,0,0,0,0,0,0,0,0,790,1
1,0,0,0,0,0,0,0,0,0,3998,1
1,0,0,0,0,0,0,0,0,0,2076,1
1,0,0,0,0,0,0,0,0,0,5061,1
1,0,0,0,0,0,0,0,0,0,2620,1
1,0,0,0,0,0,0,0,0,0,5405,1
1,0,0,0,0,0,0,0,0,0,8128,1
1,0,0,0,0,0,0,0,0,0,4523,1
1,0,0,0,0,0,0,0,0,0,4711,1
1,0,0,0,0,0,0,0,0,0,66,1
1,0,0,0,0,0,0,0,0,0,1607,1
1,0,0,0,0,0,0,0,0,0,3150,1
1,0,0,0,0,0,0,0,0,0,5854,1
1,0,0,0,0,0,0,0,0,0,5068,1
1,0,0,0,0,0,0,0,0,0,4388,1
1,0,0,0,0,0,0,0,0,0,104,1
1,0,0,0,0,0,0,0,0,0,2629,1
1,0,0,0,0,0,0,0,0,0,1058,1
1,0,0,0,0,0,0,0,0,0,3965,1
1,0,0,0,0,0,0,0,0,0,7156,1
1,0,0,0,0,0,0,0,0,0,8922,1
1,0,0,0,0,0,0,0,0,0,5265,1
1,0,0,0,0,0,0,0,0,0,8748,1
1,0,0,0,0,0,0,0,0,0,1403,1
1,0,0,0,0,0,0,0,0,0,6626,1
1,0,0,0,0,0,0,0,0,0,3354,1
1,0,0,0,0,0,0,0,0,0,6070,1
1,0,0,0,0,0,0,0,0,0,3502,1
1,0,0,0,0,0,0,0,0,0,1255,1
1,0,0,0,0,0,0,0,0,0,1609,1
1,0,0,0,0,0,0,0,0,0,4149,1
1,0,0,0,0,0,0,0,0,0,1863,1
1,0,0,0,0,0,0,0,0,0,593,1
1,0,0,0,0,0,0,0,0,0,8314,1
1,0,0,0,0,0,0,0,0,0,1299,1
1,0,0,0,0,0,0,0,0,0,5639,1
1,0,0,0,0,0,0,0,0,0,3996,1
1,0,0,0,0,0,0,0,0,0,103,1
1,0,0,0,0,0,0,0,0,0,331,1
1,0,0,0,0,0,0,0,0,0,5853,1
1,0,0,0,0,0,0,0,0,0,4512,1
1,0,0,0,0,0,0,0,0,0,7397,1
1,0,0,0,0,0,0,0,0,0,6245,1
1,0,0,0,0,0,0,0,0,0,3353,1
1,0,0,0,0,0,0,0,0,0,4344,1
1,0,0,0,0,0,0,0,0,0,5050,1
1,0,0,0,0,0,0,0,0,0,5606,1
1,0,0,0,0,0,0,0,0,0,1808,1
1,0,0,0,0,0,0,0,0,0,4774,1
1,0,0,0,0,0,0,0,0,0,3551,1
1,0,0,0,0,0,0,0,0,0,4122,1
1,0,0,0,0,0,0,0,0,0,8529,1
1,0,0,0,0,0,0,0,0,0,6681,1
1,0,0,0,0,0,0,0,0,0,5838,1
1,0,0,0,0,0,0,0,0,0,4780,1
1,0,0,0,0,0,0,0,0,0,8971,1
1,0,0,0,0,0,0,0,0,0,4921,1
1,0,0,0,0,0,0,0,0,0,9266,1
1,0,0,0,0,0,0,0,0,0,533,1
1,0,0,0,0,0,0,0,0,0,8340,1
1,0,0,0,0,0,0,0,0,0,701,1
1,0,0,0,0,0,0,0,0,0,5655,1
1,0,0,0,0,0,0,0,0,0,2642,1
1,0,0,0,0,0,0,0,0,0,739,1
1,0,0,0,0,0,0,0,0,0,2226,1
1,0,0,0,0,0,0,0,0,0,6686,1
1,0,0,0,0,0,0,0,0,0,3300,1
1,0,0,0,0,0,0,0,0,0,1457,1
1,0,0,0,0,0,0,0,0,0,3132,1
1,0,0,0,0,0,0,0,0,0,6818,1
1,0,0,0,0,0,0,0,0,0,2484,1
1,0,0,0,0,0,0,0,0,0,5493,1
1,0,0,0,0,0,0,0,0,0,150,1
1,0,0,0,0,0,0,0,0,0,2817,1
1,0,0,0,0,0,0,0,0,0,8723,1
1,0,0,0,0,0,0,0,0,0,8347,1
1,0,0,0,0,0,0,0,0,0,534,1
1,0,0,0,0,0,0,0,0,0,2689,1
1,0,0,0,0,0,0,0,0,0,8181,1
1,0,0,0,0,0,0,0,0,0,4926,1
1,0,0,0,0,0,0,0,0,0,5035,1
1,0,0,0,0,0,0,0,0,0,8518,1
1,0,0,0,0,0,0,0,0,0,7550,1
1,0,0,0,0,0,0,0,0,0,7908,1
1,0,0,0,0,0,0,0,0,0,8940,1
1,0,0,0,0,0,0,0,0,0,7134,1
1,0,0,0,0,0,0,0,0,0,5663,1
1,0,0,0,0,0,0,0,0,0,4583,1
1,0,0,0,0,0,0,0,0,0,32,1
1,0,0,0,0,0,0,0,0,0,3938,1
1,0,0,0,0,0,0,0,0,0,6476,1
1,0,0,0,0,0,0,0,0,0,8371,1
1,0,0,0,0,0,0,0,0,0,7339,1
1,0,0,0,0,0,0,0,0,0,9091,1
1,0,0,0,0,0,0,0,0,0,2479,1
1,0,0,0,0,0,0,0,0,0,8527,1
1,0,0,0,0,0,0,0,0,0,2821,1
1,0,0,0,0,0,0,0,0,0,354,1
1,0,0,0,0,0,0,0,0,0,5836,1
1,0,0,0,0,0,0,0,0,0,9257,1
1,0,0,0,0,0,0,0,0,0,5690,1
1,0,0,0,0,0,0,0,0,0,7301,1
1,0,0,0,0,0,0,0,0,0,7133,1
1,0,0,0,0,0,0,0,0,0,5664,1
1,0,0,0,0,0,0,0,0,0,2819,1
1,0,0,0,0,0,0,0,0,0,5200,1
1,0,0,0,0,0,0,0,0,0,8712,1
1,0,0,0,0,0,0,0,0,0,2228,1
1,0,0,0,0,0,0,0,0,0,5831,1
1,0,0,0,0,0,0,0,0,0,7568,1
1,0,0,0,0,0,0,0,0,0,2826,1
1,0,0,0,0,0,0,0,0,0,9096,1
1,0,0,0,0,0,0,0,0,0,7930,1
1,0,0,0,0,0,0,0,0,0,737,1
1,0,0,0,0,0,0,0,0,0,1298,1
1,0,0,0,0,0,0,0,0,0,8127,1
1,0,0,0,0,0,0,0,0,0,6881,1
1,0,0,0,0,0,0,0,0,0,102,1
1,0,0,0,0,0,0,0,0,0,4148,1
1,0,0,0,0,0,0,0,0,0,9001,1
1,0,0,0,0,0,0,0,0,0,3709,1
1,0,0,0,0,0,0,0,0,0,2046,1
1,0,0,0,0,0,0,0,0,0,5263,1
1,0,0,0,0,0,0,0,0,0,2274,1
1,0,0,0,0,0,0,0,0,0,5435,1
1,0,0,0,0,0,0,0,0,0,2610,1
1,0,0,0,0,0,0,0,0,0,8924,1
1,0,0,0,0,0,0,0,0,0,4513,1
1,0,0,0,0,0,0,0,0,0,4721,1
1,0,0,0,0,0,0,0,0,0,1865,1
1,0,0,0,0,0,0,0,0,0,595,1
1,0,0,0,0,0,0,0,0,0,8782,1
1,0,0,0,0,0,0,0,0,0,3990,1
1,0,0,0,0,0,0,0,0,0,8776,1
1,0,0,0,0,0,0,0,0,0,7954,1
1,0,0,0,0,0,0,0,0,0,6886,1
1,0,0,0,0,0,0,0,0,0,7168,1
1,0,0,0,0,0,0,0,0,0,4170,1
1,0,0,0,0,0,0,0,0,0,3167,1
1,0,0,0,0,0,0,0,0,0,6415,1
1,0,0,0,0,0,0,0,0,0,4342,1
1,0,0,0,0,0,0,0,0,0,51,1
1,0,0,0,0,0,0,0,0,0,9039,1
1,0,0,0,0,0,0,0,0,0,1254,1
1,0,0,0,0,0,0,0,0,0,7157,1
1,0,0,0,0,0,0,0,0,0,2273,1
1,0,0,0,0,0,0,0,0,0,7533,1
1,0,0,0,0,0,0,0,0,0,2880,1
1,0,0,0,0,0,0,0,0,0,5897,1
1,0,0,0,0,0,0,0,0,0,7398,1
1,0,0,0,0,0,0,0,0,0,6844,1
1,0,0,0,0,0,0,0,0,0,9030,1
1,0,0,0,0,0,0,0,0,0,6078,1
1,0,0,0,0,0,0,0,0,0,765,1
1,0,0,0,0,0,0,0,0,0,8324,1
1,0,0,0,0,0,0,0,0,0,8116,1
1,0,0,0,0,0,0,0,0,0,5609,1
1,0,0,0,0,0,0,0,0,0,133,1
1,0,0,0,0,0,0,0,0,0,5863,1
1,0,0,0,0,0,0,0,0,0,1262,1
1,0,0,0,0,0,0,0,0,0,3535,1
1,0,0,0,0,0,0,0,0,0,6047,1
1,0,0,0,0,0,0,0,0,0,7195,1
1,0,0,0,0,0,0,0,0,0,3707,1
1,0,0,0,0,0,0,0,0,0,3397,1
1,0,0,0,0,0,0,0,0,0,7505,1
1,0,0,0,0,0,0,0,0,0,1296,1
1,0,0,0,0,0,0,0,0,0,93,1
1,0,0,0,0,0,0,0,0,0,568,1
1,0,0,0,0,0,0,0,0,0,2413,1
1,0,0,0,0,0,0,0,0,0,8129,1
1,0,0,0,0,0,0,0,0,0,2621,1
1,0,0,0,0,0,0,0,0,0,1898,1
1,0,0,0,0,0,0,0,0,0,5058,1
1,0,0,0,0,0,0,0,0,0,7965,1
1,0,0,0,0,0,0,0,0,0,762,1
1,0,0,0,0,0,0,0,0,0,2289,1
1,0,0,0,0,0,0,0,0,0,5631,1
1,0,0,0,0,0,0,0,0,0,2414,1
1,0,0,0,0,0,0,0,0,0,94,1
1,0,0,0,0,0,0,0,0,0,4387,1
1,0,0,0,0,0,0,0,0,0,7730,1
1,0,0,0,0,0,0,0,0,0,2084,1
1,0,0,0,0,0,0,0,0,0,5093,1
1,0,0,0,0,0,0,0,0,0,4141,1
1,0,0,0,0,0,0,0,0,0,1433,1
1,0,0,0,0,0,0,0,0,0,1057,1
1,0,0,0,0,0,0,0,0,0,4717,1
1,0,0,0,0,0,0,0,0,0,2440,1
1,0,0,0,0,0,0,0,0,0,7300,1
1,0,0,0,0,0,0,0,0,0,709,1
1,0,0,0,0,0,0,0,0,0,8348,1
1,0,0,0,0,0,0,0,0,0,2216,1
1,0,0,0,0,0,0,0,0,0,7790,1
1,0,0,0,0,0,0,0,0,0,6642,1
1,0,0,0,0,0,0,0,0,0,4327,1
1,0,0,0,0,0,0,0,0,0,34,1
1,0,0,0,0,0,0,0,0,0,4743,1
1,0,0,0,0,0,0,0,0,0,1003,1
1,0,0,0,0,0,0,0,0,0,2229,1
1,0,0,0,0,0,0,0,0,0,5830,1
1,0,0,0,0,0,0,0,0,0,5468,1
1,0,0,0,0,0,0,0,0,0,9251,1
1,0,0,0,0,0,0,0,0,0,8383,1
1,0,0,0,0,0,0,0,0,0,5696,1
1,0,0,0,0,0,0,0,0,0,4320,1
1,0,0,0,0,0,0,0,0,0,4112,1
1,0,0,0,0,0,0,0,0,0,6483,1
1,0,0,0,0,0,0,0,0,0,2023,1
1,0,0,0,0,0,0,0,0,0,158,1
1,0,0,0,0,0,0,0,0,0,5034,1
1,0,0,0,0,0,0,0,0,0,2211,1
1,0,0,0,0,0,0,0,0,0,4582,1
1,0,0,0,0,0,0,0,0,0,2447,1
1,0,0,0,0,0,0,0,0,0,3308,1
1,0,0,0,0,0,0,0,0,0,9064,1
1,0,0,0,0,0,0,0,0,0,7936,1
1,0,0,0,0,0,0,0,0,0,8142,1
1,0,0,0,0,0,0,0,0,0,731,1
1,0,0,0,0,0,0,0,0,0,355,1
1,0,0,0,0,0,0,0,0,0,4316,1
1,0,0,0,0,0,0,0,0,0,4540,1
1,0,0,0,0,0,0,0,0,0,1200,1
1,0,0,0,0,0,0,0,0,0,2485,1
1,0,0,0,0,0,0,0,0,0,8379,1
1,0,0,0,0,0,0,0,0,0,3791,1
1,0,0,0,0,0,0,0,0,0,5466,1
1,0,0,0,0,0,0,0,0,0,6228,1
1,0,0,0,0,0,0,0,0,0,1469,1
1,0,0,0,0,0,0,0,0,0,5459,1
1,0,0,0,0,0,0,0,0,0,9294,1
1,0,0,0,0,0,0,0,0,0,5839,1
1,0,0,0,0,0,0,0,0,0,169,1
1,0,0,0,0,0,0,0,0,0,7104,1
1,0,0,0,0,0,0,0,0,0,8984,1
1,0,0,0,0,0,0,0,0,0,1035,1
1,0,0,0,0,0,0,0,0,0,3306,1
1,0,0,0,0,0,0,0,0,0,4123,1
1,0,0,0,0,0,0,0,0,0,1663,1
1,0,0,0,0,0,0,0,0,0,9293,1
1,0,0,0,0,0,0,0,0,0,8725,1
1,0,0,0,0,0,0,0,0,0,3937,1
1,0,0,0,0,0,0,0,0,0,1836,1
1,0,0,0,0,0,0,0,0,0,5698,1
1,0,0,0,0,0,0,0,0,0,9315,1
1,0,0,0,0,0,0,0,0,0,7881,1
1,0,0,0,0,0,0,0,0,0,3079,1
1,0,0,0,0,0,0,0,0,0,8465,1
1,0,0,0,0,0,0,0,0,0,8657,1
1,0,0,0,0,0,0,0,0,0,4051,1
1,0,0,0,0,0,0,0,0,0,4607,1
1,0,0,0,0,0,0,0,0,0,1375,1
1,0,0,0,0,0,0,0,0,0,5721,1
1,0,0,0,0,0,0,0,0,0,6998,1
1,0,0,0,0,0,0,0,0,0,7076,1
1,0,0,0,0,0,0,0,0,0,7244,1
1,0,0,0,0,0,0,0,0,0,4899,1
1,0,0,0,0,0,0,0,0,0,4297,1
1,0,0,0,0,0,0,0,0,0,7412,1
1,0,0,0,0,0,0,0,0,0,5973,1
1,0,0,0,0,0,0,0,0,0,2158,1
1,0,0,0,0,0,0,0,0,0,8462,1
1,0,0,0,0,0,0,0,0,0,2964,1
1,0,0,0,0,0,0,0,0,0,1729,1
1,0,0,0,0,0,0,0,0,0,7627,1
1,0,0,0,0,0,0,0,0,0,6365,1
1,0,0,0,0,0,0,0,0,0,1140,1
1,0,0,0,0,0,0,0,0,0,7085,1
1,0,0,0,0,0,0,0,0,0,5945,1
1,0,0,0,0,0,0,0,0,0,8454,1
1,0,0,0,0,0,0,0,0,0,3880,1
1,0,0,0,0,0,0,0,0,0,829,1
1,0,0,0,0,0,0,0,0,0,6996,1
1,0,0,0,0,0,0,0,0,0,8202,1
1,0,0,0,0,0,0,0,0,0,4609,1
1,0,0,0,0,0,0,0,0,0,5522,1
1,0,0,0,0,0,0,0,0,0,2535,1
1,0,0,0,0,0,0,0,0,0,8833,1
1,0,0,0,0,0,0,0,0,0,3083,1
1,0,0,0,0,0,0,0,0,0,2151,1
1,0,0,0,0,0,0,0,0,0,5146,1
1,0,0,0,0,0,0,0,0,0,2363,1
1,0,0,0,0,0,0,0,0,0,218,1
1,0,0,0,0,0,0,0,0,0,7611,1
1,0,0,0,0,0,0,0,0,0,6505,1
1,0,0,0,0,0,0,0,0,0,3245,1
1,0,0,0,0,0,0,0,0,0,1176,1
1,0,0,0,0,0,0,0,0,0,3621,1
1,0,0,0,0,0,0,0,0,0,9129,1
1,0,0,0,0,0,0,0,0,0,3413,1
1,0,0,0,0,0,0,0,0,0,4636,1
1,0,0,0,0,0,0,0,0,0,4058,1
1,0,0,0,0,0,0,0,0,0,4864,1
1,0,0,0,0,0,0,0,0,0,6965,1
1,0,0,0,0,0,0,0,0,0,8205,1
1,0,0,0,0,0,0,0,0,0,6991,1
1,0,0,0,0,0,0,0,0,0,8037,1
1,0,0,0,0,0,0,0,0,0,2955,1
1,0,0,0,0,0,0,0,0,0,7888,1
1,0,0,0,0,0,0,0,0,0,4631,1
1,0,0,0,0,0,0,0,0,0,2390,1
1,0,0,0,0,0,0,0,0,0,6730,1
1,0,0,0,0,0,0,0,0,0,5387,1
1,0,0,0,0,0,0,0,0,0,1727,1
1,0,0,0,0,0,0,0,0,0,5141,1
1,0,0,0,0,0,0,0,0,0,2532,1
1,0,0,0,0,0,0,0,0,0,1919,1
1,0,0,0,0,0,0,0,0,0,3818,1
1,0,0,0,0,0,0,0,0,0,6556,1
1,0,0,0,0,0,0,0,0,0,3024,1
1,0,0,0,0,0,0,0,0,0,5115,1
1,0,0,0,0,0,0,0,0,0,2754,1
1,0,0,0,0,0,0,0,0,0,6931,1
1,0,0,0,0,0,0,0,0,0,9145,1
1,0,0,0,0,0,0,0,0,0,9377,1
1,0,0,0,0,0,0,0,0,0,8251,1
1,0,0,0,0,0,0,0,0,0,4696,1
1,0,0,0,0,0,0,0,0,0,8867,1
1,0,0,0,0,0,0,0,0,0,7477,1
1,0,0,0,0,0,0,0,0,0,842,1
1,0,0,0,0,0,0,0,0,0,3211,1
1,0,0,0,0,0,0,0,0,0,6307,1
1,0,0,0,0,0,0,0,0,0,5582,1
1,0,0,0,0,0,0,0,0,0,2906,1
1,0,0,0,0,0,0,0,0,0,9384,1
1,0,0,0,0,0,0,0,0,0,7810,1
1,0,0,0,0,0,0,0,0,0,3820,1
1,0,0,0,0,0,0,0,0,0,1579,1
1,0,0,0,0,0,0,0,0,0,4837,1
1,0,0,0,0,0,0,0,0,0,287,1
1,0,0,0,0,0,0,0,0,0,5124,1
1,0,0,0,0,0,0,0,0,0,7441,1
1,0,0,0,0,0,0,0,0,0,2133,1
1,0,0,0,0,0,0,0,0,0,7819,1
1,0,0,0,0,0,0,0,0,0,5772,1
1,0,0,0,0,0,0,0,0,0,1570,1
1,0,0,0,0,0,0,0,0,0,880,1
1,0,0,0,0,0,0,0,0,0,3015,1
1,0,0,0,0,0,0,0,0,0,1742,1
1,0,0,0,0,0,0,0,0,0,4230,1
1,0,0,0,0,0,0,0,0,0,621,1
1,0,0,0,0,0,0,0,0,0,7826,1
1,0,0,0,0,0,0,0,0,0,2930,1
1,0,0,0,0,0,0,0,0,0,3816,1
1,0,0,0,0,0,0,0,0,0,4801,1
1,0,0,0,0,0,0,0,0,0,1319,1
1,0,0,0,0,0,0,0,0,0,3012,1
1,0,0,0,0,0,0,0,0,0,6752,1
1,0,0,0,0,0,0,0,0,0,1113,1
1,0,0,0,0,0,0,0,0,0,3644,1
1,0,0,0,0,0,0,0,0,0,5781,1
1,0,0,0,0,0,0,0,0,0,619,1
1,0,0,0,0,0,0,0,0,0,7022,1
1,0,0,0,0,0,0,0,0,0,873,1
1,0,0,0,0,0,0,0,0,0,2134,1
1,0,0,0,0,0,0,0,0,0,9173,1
1,0,0,0,0,0,0,0,0,0,9341,1
1,0,0,0,0,0,0,0,0,0,6799,1
1,0,0,0,0,0,0,0,0,0,7479,1
1,0,0,0,0,0,0,0,0,0,7821,1
1,0,0,0,0,0,0,0,0,0,9187,1
1,0,0,0,0,0,0,0,0,0,626,1
1,0,0,0,0,0,0,0,0,0,5578,1
1,0,0,0,0,0,0,0,0,0,7628,1
1,0,0,0,0,0,0,0,0,0,5943,1
1,0,0,0,0,0,0,0,0,0,2168,1
1,0,0,0,0,0,0,0,0,0,1719,1
1,0,0,0,0,0,0,0,0,0,5372,1
1,0,0,0,0,0,0,0,0,0,1184,1
1,0,0,0,0,0,0,0,0,0,5524,1
1,0,0,0,0,0,0,0,0,0,448,1
1,0,0,0,0,0,0,0,0,0,4402,1
1,0,0,0,0,0,0,0,0,0,4630,1
1,0,0,0,0,0,0,0,0,0,4254,1
1,0,0,0,0,0,0,0,0,0,1514,1
1,0,0,0,0,0,0,0,0,0,9325,1
1,0,0,0,0,0,0,0,0,0,1148,1
1,0,0,0,0,0,0,0,0,0,4608,1
1,0,0,0,0,0,0,0,0,0,9117,1
1,0,0,0,0,0,0,0,0,0,484,1
1,0,0,0,0,0,0,0,0,0,8031,1
1,0,0,0,0,0,0,0,0,0,1513,1
1,0,0,0,0,0,0,0,0,0,6736,1
1,0,0,0,0,0,0,0,0,0,2998,1
1,0,0,0,0,0,0,0,0,0,6504,1
1,0,0,0,0,0,0,0,0,0,1721,1
1,0,0,0,0,0,0,0,0,0,6160,1
1,0,0,0,0,0,0,0,0,0,6352,1
1,0,0,0,0,0,0,0,0,0,8832,1
1,0,0,0,0,0,0,0,0,0,2534,1
1,0,0,0,0,0,0,0,0,0,5711,1
1,0,0,0,0,0,0,0,0,0,5147,1
1,0,0,0,0,0,0,0,0,0,2150,1
1,0,0,0,0,0,0,0,0,0,3843,1
1,0,0,0,0,0,0,0,0,0,1942,1
1,0,0,0,0,0,0,0,0,0,7873,1
1,0,0,0,0,0,0,0,0,0,210,1
1,0,0,0,0,0,0,0,0,0,1373,1
1,0,0,0,0,0,0,0,0,0,6156,1
1,0,0,0,0,0,0,0,0,0,4057,1
1,0,0,0,0,0,0,0,0,0,4265,1
1,0,0,0,0,0,0,0,0,0,2192,1
1,0,0,0,0,0,0,0,0,0,7626,1
1,0,0,0,0,0,0,0,0,0,7414,1
1,0,0,0,0,0,0,0,0,0,3888,1
1,0,0,0,0,0,0,0,0,0,2166,1
1,0,0,0,0,0,0,0,0,0,2730,1
1,0,0,0,0,0,0,0,0,0,5975,1
1,0,0,0,0,0,0,0,0,0,5149,1
1,0,0,0,0,0,0,0,0,0,8656,1
1,0,0,0,0,0,0,0,0,0,8000,1
1,0,0,0,0,0,0,0,0,0,2708,1
1,0,0,0,0,0,0,0,0,0,4639,1
1,0,0,0,0,0,0,0,0,0,3078,1
1,0,0,0,0,0,0,0,0,0,8803,1
1,0,0,0,0,0,0,0,0,0,4296,1
1,0,0,0,0,0,0,0,0,0,8669,1
1,0,0,0,0,0,0,0,0,0,3281,1
1,0,0,0,0,0,0,0,0,0,6535,1
1,0,0,0,0,0,0,0,0,0,6707,1
1,0,0,0,0,0,0,0,0,0,1146,1
1,0,0,0,0,0,0,0,0,0,1374,1
1,0,0,0,0,0,0,0,0,0,7083,1
1,0,0,0,0,0,0,0,0,0,5546,1
1,0,0,0,0,0,0,0,0,0,2763,1
1,0,0,0,0,0,0,0,0,0,2909,1
1,0,0,0,0,0,0,0,0,0,872,1
1,0,0,0,0,0,0,0,0,0,5310,1
1,0,0,0,0,0,0,0,0,0,1576,1
1,0,0,0,0,0,0,0,0,0,1112,1
1,0,0,0,0,0,0,0,0,0,8430,1
1,0,0,0,0,0,0,0,0,0,7478,1
1,0,0,0,0,0,0,0,0,0,2338,1
1,0,0,0,0,0,0,0,0,0,8602,1
1,0,0,0,0,0,0,0,0,0,6798,1
1,0,0,0,0,0,0,0,0,0,6308,1
1,0,0,0,0,0,0,0,0,0,1929,1
1,0,0,0,0,0,0,0,0,0,6330,1
1,0,0,0,0,0,0,0,0,0,3470,1
1,0,0,0,0,0,0,0,0,0,4003,1
1,0,0,0,0,0,0,0,0,0,1571,1
1,0,0,0,0,0,0,0,0,0,6754,1
1,0,0,0,0,0,0,0,0,0,7686,1
1,0,0,0,0,0,0,0,0,0,7440,1
1,0,0,0,0,0,0,0,0,0,5919,1
1,0,0,0,0,0,0,0,0,0,2300,1
1,0,0,0,0,0,0,0,0,0,7672,1
1,0,0,0,0,0,0,0,0,0,7818,1
1,0,0,0,0,0,0,0,0,0,8295,1
1,0,0,0,0,0,0,0,0,0,1916,1
1,0,0,0,0,0,0,0,0,0,412,1
1,0,0,0,0,0,0,0,0,0,9181,1
1,0,0,0,0,0,0,0,0,0,3689,1
1,0,0,0,0,0,0,0,0,0,3022,1
1,0,0,0,0,0,0,0,0,0,3210,1
1,0,0,0,0,0,0,0,0,0,4809,1
1,0,0,0,0,0,0,0,0,0,1311,1
1,0,0,0,0,0,0,0,0,0,2752,1
1,0,0,0,0,0,0,0,0,0,7220,1
1,0,0,0,0,0,0,0,0,0,4697,1
1,0,0,0,0,0,0,0,0,0,1781,1
1,0,0,0,0,0,0,0,0,0,1920,1
1,0,0,0,0,0,0,0,0,0,9371,1
1,0,0,0,0,0,0,0,0,0,7449,1
1,0,0,0,0,0,0,0,0,0,2907,1
1,0,0,0,0,0,0,0,0,0,7811,1
1,0,0,0,0,0,0,0,0,0,8859,1
1,0,0,0,0,0,0,0,0,0,1786,1
1,0,0,0,0,0,0,0,0,0,8439,1
1,0,0,0,0,0,0,0,0,0,4690,1
1,0,0,0,0,0,0,0,0,0,5742,1
1,0,0,0,0,0,0,0,0,0,2755,1
1,0,0,0,0,0,0,0,0,0,1316,1
1,0,0,0,0,0,0,0,0,0,2593,1
1,0,0,0,0,0,0,0,0,0,5584,1
1,0,0,0,0,0,0,0,0,0,1124,1
1,0,0,0,0,0,0,0,0,0,3025,1
1,0,0,0,0,0,0,0,0,0,6557,1
1,0,0,0,0,0,0,0,0,0,7218,1
1,0,0,0,0,0,0,0,0,0,8406,1
1,0,0,0,0,0,0,0,0,0,5319,1
1,0,0,0,0,0,0,0,0,0,275,1
1,0,0,0,0,0,0,0,0,0,9144,1
1,0,0,0,0,0,0,0,0,0,1329,1
1,0,0,0,0,0,0,0,0,0,8616,1
1,0,0,0,0,0,0,0,0,0,859,1
1,0,0,0,0,0,0,0,0,0,2922,1
1,0,0,0,0,0,0,0,0,0,401,1
1,0,0,0,0,0,0,0,0,0,7008,1
1,0,0,0,0,0,0,0,0,0,8888,1
1,0,0,0,0,0,0,0,0,0,9354,1
1,0,0,0,0,0,0,0,0,0,3038,1
1,0,0,0,0,0,0,0,0,0,7205,1
1,0,0,0,0,0,0,0,0,0,5552,1
1,0,0,0,0,0,0,0,0,0,7037,1
1,0,0,0,0,0,0,0,0,0,268,1
1,0,0,0,0,0,0,0,0,0,1596,1
1,0,0,0,0,0,0,0,0,0,1562,1
1,0,0,0,0,0,0,0,0,0,5794,1
1,0,0,0,0,0,0,0,0,0,6111,1
1,0,0,0,0,0,0,0,0,0,3669,1
1,0,0,0,0,0,0,0,0,0,2589,1
1,0,0,0,0,0,0,0,0,0,8275,1
1,0,0,0,0,0,0,0,0,0,8047,1
1,0,0,0,0,0,0,0,0,0,5932,1
1,0,0,0,0,0,0,0,0,0,8611,1
1,0,0,0,0,0,0,0,0,0,3464,1
1,0,0,0,0,0,0,0,0,0,4473,1
1,0,0,0,0,0,0,0,0,0,6740,1
1,0,0,0,0,0,0,0,0,0,5131,1
1,0,0,0,0,0,0,0,0,0,7454,1
1,0,0,0,0,0,0,0,0,0,8078,1
1,0,0,0,0,0,0,0,0,0,8844,1
1,0,0,0,0,0,0,0,0,0,2770,1
1,0,0,0,0,0,0,0,0,0,292,1
1,0,0,0,0,0,0,0,0,0,266,1
1,0,0,0,0,0,0,0,0,0,1598,1
1,0,0,0,0,0,0,0,0,0,602,1
1,0,0,0,0,0,0,0,0,0,8243,1
1,0,0,0,0,0,0,0,0,0,430,1
1,0,0,0,0,0,0,0,0,0,6776,1
1,0,0,0,0,0,0,0,0,0,3036,1
1,0,0,0,0,0,0,0,0,0,6544,1
1,0,0,0,0,0,0,0,0,0,8288,1
1,0,0,0,0,0,0,0,0,0,6312,1
1,0,0,0,0,0,0,0,0,0,8872,1
1,0,0,0,0,0,0,0,0,0,3694,1
1,0,0,0,0,0,0,0,0,0,5107,1
1,0,0,0,0,0,0,0,0,0,6782,1
1,0,0,0,0,0,0,0,0,0,857,1
1,0,0,0,0,0,0,0,0,0,1795,1
1,0,0,0,0,0,0,0,0,0,8076,1
1,0,0,0,0,0,0,0,0,0,605,1
1,0,0,0,0,0,0,0,0,0,2128,1
1,0,0,0,0,0,0,0,0,0,6588,1
1,0,0,0,0,0,0,0,0,0,2914,1
1,0,0,0,0,0,0,0,0,0,1759,1
1,0,0,0,0,0,0,0,0,0,7465,1
1,0,0,0,0,0,0,0,0,0,1792,1
1,0,0,0,0,0,0,0,0,0,5564,1
1,0,0,0,0,0,0,0,0,0,3693,1
1,0,0,0,0,0,0,0,0,0,8875,1
1,0,0,0,0,0,0,0,0,0,2587,1
1,0,0,0,0,0,0,0,0,0,3455,1
1,0,0,0,0,0,0,0,0,0,8881,1
1,0,0,0,0,0,0,0,0,0,1766,1
1,0,0,0,0,0,0,0,0,0,3203,1
1,0,0,0,0,0,0,0,0,0,4086,1
1,0,0,0,0,0,0,0,0,0,3091,1
1,0,0,0,0,0,0,0,0,0,2143,1
1,0,0,0,0,0,0,0,0,0,8821,1
1,0,0,0,0,0,0,0,0,0,2527,1
1,0,0,0,0,0,0,0,0,0,5530,1
1,0,0,0,0,0,0,0,0,0,3401,1
1,0,0,0,0,0,0,0,0,0,1958,1
1,0,0,0,0,0,0,0,0,0,1732,1
1,0,0,0,0,0,0,0,0,0,3065,1
1,0,0,0,0,0,0,0,0,0,7258,1
1,0,0,0,0,0,0,0,0,0,2518,1
1,0,0,0,0,0,0,0,0,0,463,1
1,0,0,0,0,0,0,0,0,0,6984,1
1,0,0,0,0,0,0,0,0,0,3892,1
1,0,0,0,0,0,0,0,0,0,2940,1
1,0,0,0,0,0,0,0,0,0,5359,1
1,0,0,0,0,0,0,0,0,0,8680,1
1,0,0,0,0,0,0,0,0,0,497,1
1,0,0,0,0,0,0,0,0,0,4247,1
1,0,0,0,0,0,0,0,0,0,4075,1
1,0,0,0,0,0,0,0,0,0,1163,1
1,0,0,0,0,0,0,0,0,0,6174,1
1,0,0,0,0,0,0,0,0,0,669,1
1,0,0,0,0,0,0,0,0,0,8228,1
1,0,0,0,0,0,0,0,0,0,6180,1
1,0,0,0,0,0,0,0,0,0,2520,1
1,0,0,0,0,0,0,0,0,0,5361,1
1,0,0,0,0,0,0,0,0,0,3096,1
1,0,0,0,0,0,0,0,0,0,4081,1
1,0,0,0,0,0,0,0,0,0,3439,1
1,0,0,0,0,0,0,0,0,0,5198,1
1,0,0,0,0,0,0,0,0,0,8687,1
1,0,0,0,0,0,0,0,0,0,4882,1
1,0,0,0,0,0,0,0,0,0,2349,1
1,0,0,0,0,0,0,0,0,0,3895,1
1,0,0,0,0,0,0,0,0,0,8441,1
1,0,0,0,0,0,0,0,0,0,7851,1
1,0,0,0,0,0,0,0,0,0,6370,1
1,0,0,0,0,0,0,0,0,0,9338,1
1,0,0,0,0,0,0,0,0,0,7090,1
1,0,0,0,0,0,0,0,0,0,3430,1
1,0,0,0,0,0,0,0,0,0,4271,1
1,0,0,0,0,0,0,0,0,0,1531,1
1,0,0,0,0,0,0,0,0,0,8448,1
1,0,0,0,0,0,0,0,0,0,5357,1
1,0,0,0,0,0,0,0,0,0,7632,1
1,0,0,0,0,0,0,0,0,0,5501,1
1,0,0,0,0,0,0,0,0,0,8810,1
1,0,0,0,0,0,0,0,0,0,7064,1
1,0,0,0,0,0,0,0,0,0,2516,1
1,0,0,0,0,0,0,0,0,0,5992,1
1,0,0,0,0,0,0,0,0,0,6519,1
1,0,0,0,0,0,0,0,0,0,9135,1
1,0,0,0,0,0,0,0,0,0,9307,1
1,0,0,0,0,0,0,0,0,0,4088,1
1,0,0,0,0,0,0,0,0,0,2971,1
1,0,0,0,0,0,0,0,0,0,2511,1
1,0,0,0,0,0,0,0,0,0,1394,1
1,0,0,0,0,0,0,0,0,0,5734,1
1,0,0,0,0,0,0,0,0,0,5506,1
1,0,0,0,0,0,0,0,0,0,6383,1
1,0,0,0,0,0,0,0,0,0,8219,1
1,0,0,0,0,0,0,0,0,0,2949,1
1,0,0,0,0,0,0,0,0,0,832,1
1,0,0,0,0,0,0,0,0,0,7407,1
1,0,0,0,0,0,0,0,0,0,5350,1
1,0,0,0,0,0,0,0,0,0,4878,1
1,0,0,0,0,0,0,0,0,0,4044,1
1,0,0,0,0,0,0,0,0,0,4276,1
1,0,0,0,0,0,0,0,0,0,8470,1
1,0,0,0,0,0,0,0,0,0,2378,1
1,0,0,0,0,0,0,0,0,0,9300,1
1,0,0,0,0,0,0,0,0,0,6946,1
1,0,0,0,0,0,0,0,0,0,4249,1
1,0,0,0,0,0,0,0,0,0,604,1
1,0,0,0,0,0,0,0,0,0,8245,1
1,0,0,0,0,0,0,0,0,0,7803,1
1,0,0,0,0,0,0,0,0,0,2129,1
1,0,0,0,0,0,0,0,0,0,8880,1
1,0,0,0,0,0,0,0,0,0,4443,1
1,0,0,0,0,0,0,0,0,0,5101,1
1,0,0,0,0,0,0,0,0,0,2116,1
1,0,0,0,0,0,0,0,0,0,409,1
1,0,0,0,0,0,0,0,0,0,8048,1
1,0,0,0,0,0,0,0,0,0,4685,1
1,0,0,0,0,0,0,0,0,0,5565,1
1,0,0,0,0,0,0,0,0,0,7232,1
1,0,0,0,0,0,0,0,0,0,5139,1
1,0,0,0,0,0,0,0,0,0,869,1
1,0,0,0,0,0,0,0,0,0,8414,1
1,0,0,0,0,0,0,0,0,0,3498,1
1,0,0,0,0,0,0,0,0,0,7804,1
1,0,0,0,0,0,0,0,0,0,9390,1
1,0,0,0,0,0,0,0,0,0,8242,1
1,0,0,0,0,0,0,0,0,0,1935,1
1,0,0,0,0,0,0,0,0,0,293,1
1,0,0,0,0,0,0,0,0,0,3834,1
1,0,0,0,0,0,0,0,0,0,3008,1
1,0,0,0,0,0,0,0,0,0,8873,1
1,0,0,0,0,0,0,0,0,0,2575,1
1,0,0,0,0,0,0,0,0,0,2111,1
1,0,0,0,0,0,0,0,0,0,1794,1
1,0,0,0,0,0,0,0,0,0,8619,1
1,0,0,0,0,0,0,0,0,0,3205,1
1,0,0,0,0,0,0,0,0,0,3661,1
1,0,0,0,0,0,0,0,0,0,8289,1
1,0,0,0,0,0,0,0,0,0,9194,1
1,0,0,0,0,0,0,0,0,0,1769,1
1,0,0,0,0,0,0,0,0,0,6914,1
1,0,0,0,0,0,0,0,0,0,6587,1
1,0,0,0,0,0,0,0,0,0,7455,1
1,0,0,0,0,0,0,0,0,0,5130,1
1,0,0,0,0,0,0,0,0,0,2771,1
1,0,0,0,0,0,0,0,0,0,8079,1
1,0,0,0,0,0,0,0,0,0,3657,1
1,0,0,0,0,0,0,0,0,0,4472,1
1,0,0,0,0,0,0,0,0,0,6573,1
1,0,0,0,0,0,0,0,0,0,8287,1
1,0,0,0,0,0,0,0,0,0,6913,1
1,0,0,0,0,0,0,0,0,0,2923,1
1,0,0,0,0,0,0,0,0,0,8425,1
1,0,0,0,0,0,0,0,0,0,5108,1
1,0,0,0,0,0,0,0,0,0,2749,1
1,0,0,0,0,0,0,0,0,0,8041,1
1,0,0,0,0,0,0,0,0,0,1563,1
1,0,0,0,0,0,0,0,0,0,4011,1
1,0,0,0,0,0,0,0,0,0,4223,1
1,0,0,0,0,0,0,0,0,0,6322,1
1,0,0,0,0,0,0,0,0,0,2544,1
1,0,0,0,0,0,0,0,0,0,7204,1
1,0,0,0,0,0,0,0,0,0,867,1
1,0,0,0,0,0,0,0,0,0,6520,1
1,0,0,0,0,0,0,0,0,0,5197,1
1,0,0,0,0,0,0,0,0,0,1537,1
1,0,0,0,0,0,0,0,0,0,6144,1
1,0,0,0,0,0,0,0,0,0,5351,1
1,0,0,0,0,0,0,0,0,0,5163,1
1,0,0,0,0,0,0,0,0,0,4846,1
1,0,0,0,0,0,0,0,0,0,2983,1
1,0,0,0,0,0,0,0,0,0,8643,1
1,0,0,0,0,0,0,0,0,0,454,1
1,0,0,0,0,0,0,0,0,0,5538,1
1,0,0,0,0,0,0,0,0,0,1198,1
1,0,0,0,0,0,0,0,0,0,7633,1
1,0,0,0,0,0,0,0,0,0,834,1
1,0,0,0,0,0,0,0,0,0,2517,1
1,0,0,0,0,0,0,0,0,0,5732,1
1,0,0,0,0,0,0,0,0,0,4614,1
1,0,0,0,0,0,0,0,0,0,1154,1
1,0,0,0,0,0,0,0,0,0,4042,1
1,0,0,0,0,0,0,0,0,0,8644,1
1,0,0,0,0,0,0,0,0,0,6518,1
1,0,0,0,0,0,0,0,0,0,3856,1
1,0,0,0,0,0,0,0,0,0,9306,1
1,0,0,0,0,0,0,0,0,0,4419,1
1,0,0,0,0,0,0,0,0,0,6181,1
1,0,0,0,0,0,0,0,0,0,1196,1
1,0,0,0,0,0,0,0,0,0,5152,1
1,0,0,0,0,0,0,0,0,0,4848,1
1,0,0,0,0,0,0,0,0,0,4246,1
1,0,0,0,0,0,0,0,0,0,1350,1
1,0,0,0,0,0,0,0,0,0,8440,1
1,0,0,0,0,0,0,0,0,0,8672,1
1,0,0,0,0,0,0,0,0,0,8216,1
1,0,0,0,0,0,0,0,0,0,8024,1
1,0,0,0,0,0,0,0,0,0,6378,1
1,0,0,0,0,0,0,0,0,0,3438,1
1,0,0,0,0,0,0,0,0,0,3860,1
1,0,0,0,0,0,0,0,0,0,5199,1
1,0,0,0,0,0,0,0,0,0,4417,1
1,0,0,0,0,0,0,0,0,0,3064,1
1,0,0,0,0,0,0,0,0,0,5969,1
1,0,0,0,0,0,0,0,0,0,5703,1
1,0,0,0,0,0,0,0,0,0,8820,1
1,0,0,0,0,0,0,0,0,0,4428,1
1,0,0,0,0,0,0,0,0,0,1966,1
1,0,0,0,0,0,0,0,0,0,462,1
1,0,0,0,0,0,0,0,0,0,7857,1
1,0,0,0,0,0,0,0,0,0,4884,1
1,0,0,0,0,0,0,0,0,0,8675,1
1,0,0,0,0,0,0,0,0,0,234,1
1,0,0,0,0,0,0,0,0,0,5358,1
1,0,0,0,0,0,0,0,0,0,8707,1
1,0,0,0,0,0,0,0,0,0,948,1
1,0,0,0,0,0,0,0,0,0,510,1
1,0,0,0,0,0,0,0,0,0,9077,1
1,0,0,0,0,0,0,0,0,0,6803,1
1,0,0,0,0,0,0,0,0,0,1028,1
1,0,0,0,0,0,0,0,0,0,4902,1
1,0,0,0,0,0,0,0,0,0,3129,1
1,0,0,0,0,0,0,0,0,0,9413,1
1,0,0,0,0,0,0,0,0,0,8952,1
1,0,0,0,0,0,0,0,0,0,5215,1
1,0,0,0,0,0,0,0,0,0,7542,1
1,0,0,0,0,0,0,0,0,0,6490,1
1,0,0,0,0,0,0,0,0,0,2030,1
1,0,0,0,0,0,0,0,0,0,8738,1
1,0,0,0,0,0,0,0,0,0,4333,1
1,0,0,0,0,0,0,0,0,0,6464,1
1,0,0,0,0,0,0,0,0,0,1473,1
1,0,0,0,0,0,0,0,0,0,6232,1
1,0,0,0,0,0,0,0,0,0,2692,1
1,0,0,0,0,0,0,0,0,0,3740,1
1,0,0,0,0,0,0,0,0,0,4565,1
1,0,0,0,0,0,0,0,0,0,1225,1
1,0,0,0,0,0,0,0,0,0,4757,1
1,0,0,0,0,0,0,0,0,0,5685,1
1,0,0,0,0,0,0,0,0,0,9048,1
1,0,0,0,0,0,0,0,0,0,20,1
1,0,0,0,0,0,0,0,0,0,3778,1
1,0,0,0,0,0,0,0,0,0,6804,1
1,0,0,0,0,0,0,0,0,0,18,1
1,0,0,0,0,0,0,0,0,0,9070,1
1,0,0,0,0,0,0,0,0,0,725,1
1,0,0,0,0,0,0,0,0,0,9084,1
1,0,0,0,0,0,0,0,0,0,2834,1
1,0,0,0,0,0,0,0,0,0,173,1
1,0,0,0,0,0,0,0,0,0,5823,1
1,0,0,0,0,0,0,0,0,0,5682,1
1,0,0,0,0,0,0,0,0,0,1010,1
1,0,0,0,0,0,0,0,0,0,6651,1
1,0,0,0,0,0,0,0,0,0,9,1
1,0,0,0,0,0,0,0,0,0,6463,1
1,0,0,0,0,0,0,0,0,0,1480,1
1,0,0,0,0,0,0,0,0,0,2037,1
1,0,0,0,0,0,0,0,0,0,8169,1
1,0,0,0,0,0,0,0,0,0,1019,1
1,0,0,0,0,0,0,0,0,0,145,1
1,0,0,0,0,0,0,0,0,0,5815,1
1,0,0,0,0,0,0,0,0,0,1489,1
1,0,0,0,0,0,0,0,0,0,713,1
1,0,0,0,0,0,0,0,0,0,4130,1
1,0,0,0,0,0,0,0,0,0,6667,1
1,0,0,0,0,0,0,0,0,0,4302,1
1,0,0,0,0,0,0,0,0,0,3543,1
1,0,0,0,0,0,0,0,0,0,11,1
1,0,0,0,0,0,0,0,0,0,8399,1
1,0,0,0,0,0,0,0,0,0,2465,1
1,0,0,0,0,0,0,0,0,0,5472,1
1,0,0,0,0,0,0,0,0,0,7325,1
1,0,0,0,0,0,0,0,0,0,3785,1
1,0,0,0,0,0,0,0,0,0,2233,1
1,0,0,0,0,0,0,0,0,0,7573,1
1,0,0,0,0,0,0,0,0,0,5678,1
1,0,0,0,0,0,0,0,0,0,7913,1
1,0,0,0,0,0,0,0,0,0,9287,1
1,0,0,0,0,0,0,0,0,0,8731,1
1,0,0,0,0,0,0,0,0,0,6009,1
1,0,0,0,0,0,0,0,0,0,941,1
1,0,0,0,0,0,0,0,0,0,7746,1
1,0,0,0,0,0,0,0,0,0,2234,1
1,0,0,0,0,0,0,0,0,0,7322,1
1,0,0,0,0,0,0,0,0,0,3782,1
1,0,0,0,0,0,0,0,0,0,519,1
1,0,0,0,0,0,0,0,0,0,4795,1
1,0,0,0,0,0,0,0,0,0,1021,1
1,0,0,0,0,0,0,0,0,0,6204,1
1,0,0,0,0,0,0,0,0,0,8990,1
1,0,0,0,0,0,0,0,0,0,3544,1
1,0,0,0,0,0,0,0,0,0,6452,1
1,0,0,0,0,0,0,0,0,0,4305,1
1,0,0,0,0,0,0,0,0,0,7712,1
1,0,0,0,0,0,0,0,0,0,4197,1
1,0,0,0,0,0,0,0,0,0,915,1
1,0,0,0,0,0,0,0,0,0,2604,1
1,0,0,0,0,0,0,0,0,0,4735,1
1,0,0,0,0,0,0,0,0,0,3510,1
1,0,0,0,0,0,0,0,0,0,6062,1
1,0,0,0,0,0,0,0,0,0,3722,1
1,0,0,0,0,0,0,0,0,0,4507,1
1,0,0,0,0,0,0,0,0,0,6634,1
1,0,0,0,0,0,0,0,0,0,5283,1
1,0,0,0,0,0,0,0,0,0,8301,1
1,0,0,0,0,0,0,0,0,0,7349,1
1,0,0,0,0,0,0,0,0,0,89,1
1,0,0,0,0,0,0,0,0,0,8557,1
1,0,0,0,0,0,0,0,0,0,5248,1
1,0,0,0,0,0,0,0,0,0,4994,1
1,0,0,0,0,0,0,0,0,0,324,1
1,0,0,0,0,0,0,0,0,0,2099,1
1,0,0,0,0,0,0,0,0,0,3379,1
1,0,0,0,0,0,0,0,0,0,4538,1
1,0,0,0,0,0,0,0,0,0,1278,1
1,0,0,0,0,0,0,0,0,0,5284,1
1,0,0,0,0,0,0,0,0,0,1624,1
1,0,0,0,0,0,0,0,0,0,1072,1
1,0,0,0,0,0,0,0,0,0,4732,1
1,0,0,0,0,0,0,0,0,0,2603,1
1,0,0,0,0,0,0,0,0,0,5426,1
1,0,0,0,0,0,0,0,0,0,5270,1
1,0,0,0,0,0,0,0,0,0,2869,1
1,0,0,0,0,0,0,0,0,0,6866,1
1,0,0,0,0,0,0,0,0,0,4993,1
1,0,0,0,0,0,0,0,0,0,5841,1
1,0,0,0,0,0,0,0,0,0,2856,1
1,0,0,0,0,0,0,0,0,0,7518,1
1,0,0,0,0,0,0,0,0,0,8908,1
1,0,0,0,0,0,0,0,0,0,4536,1
1,0,0,0,0,0,0,0,0,0,1878,1
1,0,0,0,0,0,0,0,0,0,9229,1
1,0,0,0,0,0,0,0,0,0,3521,1
1,0,0,0,0,0,0,0,0,0,4152,1
1,0,0,0,0,0,0,0,0,0,8559,1
1,0,0,0,0,0,0,0,0,0,7511,1
1,0,0,0,0,0,0,0,0,0,4394,1
1,0,0,0,0,0,0,0,0,0,7175,1
1,0,0,0,0,0,0,0,0,0,4951,1
1,0,0,0,0,0,0,0,0,0,6408,1
1,0,0,0,0,0,0,0,0,0,9024,1
1,0,0,0,0,0,0,0,0,0,8102,1
1,0,0,0,0,0,0,0,0,0,7378,1
1,0,0,0,0,0,0,0,0,0,8754,1
1,0,0,0,0,0,0,0,0,0,5877,1
1,0,0,0,0,0,0,0,0,0,5279,1
1,0,0,0,0,0,0,0,0,0,2400,1
1,0,0,0,0,0,0,0,0,0,7172,1
1,0,0,0,0,0,0,0,0,0,749,1
1,0,0,0,0,0,0,0,0,0,5073,1
1,0,0,0,0,0,0,0,0,0,3384,1
1,0,0,0,0,0,0,0,0,0,4393,1
1,0,0,0,0,0,0,0,0,0,1427,1
1,0,0,0,0,0,0,0,0,0,6602,1
1,0,0,0,0,0,0,0,0,0,2090,1
1,0,0,0,0,0,0,0,0,0,1615,1
1,0,0,0,0,0,0,0,0,0,74,1
1,0,0,0,0,0,0,0,0,0,6054,1
1,0,0,0,0,0,0,0,0,0,8561,1
1,0,0,0,0,0,0,0,0,0,120,1
1,0,0,0,0,0,0,0,0,0,5428,1
1,0,0,0,0,0,0,0,0,0,1088,1
1,0,0,0,0,0,0,0,0,0,544,1
1,0,0,0,0,0,0,0,0,0,9211,1
1,0,0,0,0,0,0,0,0,0,6259,1
1,0,0,0,0,0,0,0,0,0,3519,1
1,0,0,0,0,0,0,0,0,0,1418,1
1,0,0,0,0,0,0,0,0,0,3922,1
1,0,0,0,0,0,0,0,0,0,4935,1
1,0,0,0,0,0,0,0,0,0,9272,1
1,0,0,0,0,0,0,0,0,0,3545,1
1,0,0,0,0,0,0,0,0,0,3777,1
1,0,0,0,0,0,0,0,0,0,5474,1
1,0,0,0,0,0,0,0,0,0,3783,1
1,0,0,0,0,0,0,0,0,0,2651,1
1,0,0,0,0,0,0,0,0,0,2803,1
1,0,0,0,0,0,0,0,0,0,8161,1
1,0,0,0,0,0,0,0,0,0,712,1
1,0,0,0,0,0,0,0,0,0,6833,1
1,0,0,0,0,0,0,0,0,0,1018,1
1,0,0,0,0,0,0,0,0,0,382,1
1,0,0,0,0,0,0,0,0,0,1,1
1,0,0,0,0,0,0,0,0,0,7324,1
1,0,0,0,0,0,0,0,0,0,1685,1
1,0,0,0,0,0,0,0,0,0,2232,1
1,0,0,0,0,0,0,0,0,0,6692,1
1,0,0,0,0,0,0,0,0,0,7740,1
1,0,0,0,0,0,0,0,0,0,3126,1
1,0,0,0,0,0,0,0,0,0,1671,1
1,0,0,0,0,0,0,0,0,0,4767,1
1,0,0,0,0,0,0,0,0,0,2009,1
1,0,0,0,0,0,0,0,0,0,186,1
1,0,0,0,0,0,0,0,0,0,2499,1
1,0,0,0,0,0,0,0,0,0,9243,1
1,0,0,0,0,0,0,0,0,0,8391,1
1,0,0,0,0,0,0,0,0,0,971,1
1,0,0,0,0,0,0,0,0,0,5021,1
1,0,0,0,0,0,0,0,0,0,8954,1
1,0,0,0,0,0,0,0,0,0,1011,1
1,0,0,0,0,0,0,0,0,0,4751,1
1,0,0,0,0,0,0,0,0,0,1223,1
1,0,0,0,0,0,0,0,0,0,6462,1
1,0,0,0,0,0,0,0,0,0,181,1
1,0,0,0,0,0,0,0,0,0,5019,1
1,0,0,0,0,0,0,0,0,0,347,1
1,0,0,0,0,0,0,0,0,0,511,1
1,0,0,0,0,0,0,0,0,0,6233,1
1,0,0,0,0,0,0,0,0,0,7771,1
1,0,0,0,0,0,0,0,0,0,5214,1
1,0,0,0,0,0,0,0,0,0,7543,1
1,0,0,0,0,0,0,0,0,0,3143,1
1,0,0,0,0,0,0,0,0,0,6267,1
1,0,0,0,0,0,0,0,0,0,748,1
1,0,0,0,0,0,0,0,0,0,81,1
1,0,0,0,0,0,0,0,0,0,5624,1
1,0,0,0,0,0,0,0,0,0,2859,1
1,0,0,0,0,0,0,0,0,0,922,1
1,0,0,0,0,0,0,0,0,0,783,1
1,0,0,0,0,0,0,0,0,0,1841,1
1,0,0,0,0,0,0,0,0,0,3940,1
1,0,0,0,0,0,0,0,0,0,2866,1
1,0,0,0,0,0,0,0,0,0,8560,1
1,0,0,0,0,0,0,0,0,0,8104,1
1,0,0,0,0,0,0,0,0,0,3382,1
1,0,0,0,0,0,0,0,0,0,119,1
1,0,0,0,0,0,0,0,0,0,3520,1
1,0,0,0,0,0,0,0,0,0,1045,1
1,0,0,0,0,0,0,0,0,0,9228,1
1,0,0,0,0,0,0,0,0,0,3376,1
1,0,0,0,0,0,0,0,0,0,3978,1
1,0,0,0,0,0,0,0,0,0,3144,1
1,0,0,0,0,0,0,0,0,0,7379,1
1,0,0,0,0,0,0,0,0,0,5876,1
1,0,0,0,0,0,0,0,0,0,3947,1
1,0,0,0,0,0,0,0,0,0,6409,1
1,0,0,0,0,0,0,0,0,0,9025,1
1,0,0,0,0,0,0,0,0,0,5427,1
1,0,0,0,0,0,0,0,0,0,4191,1
1,0,0,0,0,0,0,0,0,0,2868,1
1,0,0,0,0,0,0,0,0,0,2292,1
1,0,0,0,0,0,0,0,0,0,5285,1
1,0,0,0,0,0,0,0,0,0,6400,1
1,0,0,0,0,0,0,0,0,0,6858,1
1,0,0,0,0,0,0,0,0,0,7384,1
1,0,0,0,0,0,0,0,0,0,3724,1
1,0,0,0,0,0,0,0,0,0,3985,1
1,0,0,0,0,0,0,0,0,0,5840,1
1,0,0,0,0,0,0,0,0,0,322,1
1,0,0,0,0,0,0,0,0,0,746,1
1,0,0,0,0,0,0,0,0,0,6269,1
1,0,0,0,0,0,0,0,0,0,3529,1
1,0,0,0,0,0,0,0,0,0,4966,1
1,0,0,0,0,0,0,0,0,0,6251,1
1,0,0,0,0,0,0,0,0,0,6635,1
1,0,0,0,0,0,0,0,0,0,8569,1
1,0,0,0,0,0,0,0,0,0,2261,1
1,0,0,0,0,0,0,0,0,0,5420,1
1,0,0,0,0,0,0,0,0,0,7145,1
1,0,0,0,0,0,0,0,0,0,2437,1
1,0,0,0,0,0,0,0,0,0,4961,1
1,0,0,0,0,0,0,0,0,0,587,1
1,0,0,0,0,0,0,0,0,0,1279,1
1,0,0,0,0,0,0,0,0,0,9226,1
1,0,0,0,0,0,0,0,0,0,7946,1
1,0,0,0,0,0,0,0,0,0,2408,1
1,0,0,0,0,0,0,0,0,0,88,1
1,0,0,0,0,0,0,0,0,0,4995,1
1,0,0,0,0,0,0,0,0,0,8556,1
1,0,0,0,0,0,0,0,0,0,5232,1
1,0,0,0,0,0,0,0,0,0,1692,1
1,0,0,0,0,0,0,0,0,0,7757,1
1,0,0,0,0,0,0,0,0,0,1666,1
1,0,0,0,0,0,0,0,0,0,7591,1
1,0,0,0,0,0,0,0,0,0,6443,1
1,0,0,0,0,0,0,0,0,0,4126,1
1,0,0,0,0,0,0,0,0,0,8720,1
1,0,0,0,0,0,0,0,0,0,361,1
1,0,0,0,0,0,0,0,0,0,9296,1
1,0,0,0,0,0,0,0,0,0,6824,1
1,0,0,0,0,0,0,0,0,0,38,1
1,0,0,0,0,0,0,0,0,0,9050,1
1,0,0,0,0,0,0,0,0,0,8182,1
1,0,0,0,0,0,0,0,0,0,6018,1
1,0,0,0,0,0,0,0,0,0,1833,1
1,0,0,0,0,0,0,0,0,0,4925,1
1,0,0,0,0,0,0,0,0,0,3932,1
1,0,0,0,0,0,0,0,0,0,6212,1
1,0,0,0,0,0,0,0,0,0,5497,1
1,0,0,0,0,0,0,0,0,0,1453,1
1,0,0,0,0,0,0,0,0,0,6444,1
1,0,0,0,0,0,0,0,0,0,2222,1
1,0,0,0,0,0,0,0,0,0,5235,1
1,0,0,0,0,0,0,0,0,0,2474,1
1,0,0,0,0,0,0,0,0,0,7106,1
1,0,0,0,0,0,0,0,0,0,6649,1
1,0,0,0,0,0,0,0,0,0,9265,1
1,0,0,0,0,0,0,0,0,0,9057,1
1,0,0,0,0,0,0,0,0,0,6823,1
1,0,0,0,0,0,0,0,0,0,4748,1
1,0,0,0,0,0,0,0,0,0,2679,1
1,0,0,0,0,0,0,0,0,0,8343,1
1,0,0,0,0,0,0,0,0,0,2813,1
1,0,0,0,0,0,0,0,0,0,968,1
1,0,0,0,0,0,0,0,0,0,5804,1
1,0,0,0,0,0,0,0,0,0,995,1
1,0,0,0,0,0,0,0,0,0,4573,1
1,0,0,0,0,0,0,0,0,0,3756,1
1,0,0,0,0,0,0,0,0,0,3590,1
1,0,0,0,0,0,0,0,0,0,2442,1
1,0,0,0,0,0,0,0,0,0,539,1
1,0,0,0,0,0,0,0,0,0,2214,1
1,0,0,0,0,0,0,0,0,0,7766,1
1,0,0,0,0,0,0,0,0,0,2026,1
1,0,0,0,0,0,0,0,0,0,961,1
1,0,0,0,0,0,0,0,0,0,7554,1
1,0,0,0,0,0,0,0,0,0,3769,1
1,0,0,0,0,0,0,0,0,0,9061,1
1,0,0,0,0,0,0,0,0,0,6815,1
1,0,0,0,0,0,0,0,0,0,4128,1
1,0,0,0,0,0,0,0,0,0,2019,1
1,0,0,0,0,0,0,0,0,0,8523,1
1,0,0,0,0,0,0,0,0,0,350,1
1,0,0,0,0,0,0,0,0,0,7759,1
1,0,0,0,0,0,0,0,0,0,734,1
1,0,0,0,0,0,0,0,0,0,5658,1
1,0,0,0,0,0,0,0,0,0,966,1
1,0,0,0,0,0,0,0,0,0,6481,1
1,0,0,0,0,0,0,0,0,0,368,1
1,0,0,0,0,0,0,0,0,0,7761,1
1,0,0,0,0,0,0,0,0,0,1006,1
1,0,0,0,0,0,0,0,0,0,31,1
1,0,0,0,0,0,0,0,0,0,9059,1
1,0,0,0,0,0,0,0,0,0,6011,1
1,0,0,0,0,0,0,0,0,0,4746,1
1,0,0,0,0,0,0,0,0,0,4322,1
1,0,0,0,0,0,0,0,0,0,1650,1
1,0,0,0,0,0,0,0,0,0,7934,1
1,0,0,0,0,0,0,0,0,0,501,1
1,0,0,0,0,0,0,0,0,0,7108,1
1,0,0,0,0,0,0,0,0,0,8524,1
1,0,0,0,0,0,0,0,0,0,9402,1
1,0,0,0,0,0,0,0,0,0,6812,1
1,0,0,0,0,0,0,0,0,0,1039,1
1,0,0,0,0,0,0,0,0,0,767,1
1,0,0,0,0,0,0,0,0,0,555,1
1,0,0,0,0,0,0,0,0,0,2247,1
1,0,0,0,0,0,0,0,0,0,8319,1
1,0,0,0,0,0,0,0,0,0,6879,1
1,0,0,0,0,0,0,0,0,0,3705,1
1,0,0,0,0,0,0,0,0,0,1604,1
1,0,0,0,0,0,0,0,0,0,2885,1
1,0,0,0,0,0,0,0,0,0,3957,1
1,0,0,0,0,0,0,0,0,0,2871,1
1,0,0,0,0,0,0,0,0,0,136,1
1,0,0,0,0,0,0,0,0,0,8577,1
1,0,0,0,0,0,0,0,0,0,5268,1
1,0,0,0,0,0,0,0,0,0,6089,1
1,0,0,0,0,0,0,0,0,0,6426,1
1,0,0,0,0,0,0,0,0,0,3154,1
1,0,0,0,0,0,0,0,0,0,1431,1
1,0,0,0,0,0,0,0,0,0,3530,1
1,0,0,0,0,0,0,0,0,0,96,1
1,0,0,0,0,0,0,0,0,0,935,1
1,0,0,0,0,0,0,0,0,0,109,1
1,0,0,0,0,0,0,0,0,0,2240,1
1,0,0,0,0,0,0,0,0,0,9003,1
1,0,0,0,0,0,0,0,0,0,564,1
1,0,0,0,0,0,0,0,0,0,7951,1
1,0,0,0,0,0,0,0,0,0,2249,1
1,0,0,0,0,0,0,0,0,0,3995,1
1,0,0,0,0,0,0,0,0,0,2847,1
1,0,0,0,0,0,0,0,0,0,8541,1
1,0,0,0,0,0,0,0,0,0,100,1
1,0,0,0,0,0,0,0,0,0,3734,1
1,0,0,0,0,0,0,0,0,0,6074,1
1,0,0,0,0,0,0,0,0,0,1251,1
1,0,0,0,0,0,0,0,0,0,4723,1
1,0,0,0,0,0,0,0,0,0,1407,1
1,0,0,0,0,0,0,0,0,0,4175,1
1,0,0,0,0,0,0,0,0,0,4181,1
1,0,0,0,0,0,0,0,0,0,2276,1
1,0,0,0,0,0,0,0,0,0,5437,1
1,0,0,0,0,0,0,0,0,0,2612,1
1,0,0,0,0,0,0,0,0,0,107,1
1,0,0,0,0,0,0,0,0,0,335,1
1,0,0,0,0,0,0,0,0,0,8310,1
1,0,0,0,0,0,0,0,0,0,8122,1
1,0,0,0,0,0,0,0,0,0,9236,1
1,0,0,0,0,0,0,0,0,0,7367,1
1,0,0,0,0,0,0,0,0,0,2615,1
1,0,0,0,0,0,0,0,0,0,5054,1
1,0,0,0,0,0,0,0,0,0,4186,1
1,0,0,0,0,0,0,0,0,0,7703,1
1,0,0,0,0,0,0,0,0,0,7531,1
1,0,0,0,0,0,0,0,0,0,6625,1
1,0,0,0,0,0,0,0,0,0,1632,1
1,0,0,0,0,0,0,0,0,0,4724,1
1,0,0,0,0,0,0,0,0,0,6241,1
1,0,0,0,0,0,0,0,0,0,6010,1
1,0,0,0,0,0,0,0,0,0,5695,1
1,0,0,0,0,0,0,0,0,0,4575,1
1,0,0,0,0,0,0,0,0,0,4111,1
1,0,0,0,0,0,0,0,0,0,3334,1
1,0,0,0,0,0,0,0,0,0,6474,1
1,0,0,0,0,0,0,0,0,0,3106,1
1,0,0,0,0,0,0,0,0,0,1651,1
1,0,0,0,0,0,0,0,0,0,4323,1
1,0,0,0,0,0,0,0,0,0,1497,1
1,0,0,0,0,0,0,0,0,0,7552,1
1,0,0,0,0,0,0,0,0,0,4581,1
1,0,0,0,0,0,0,0,0,0,9403,1
1,0,0,0,0,0,0,0,0,0,1804,1
1,0,0,0,0,0,0,0,0,0,5498,1
1,0,0,0,0,0,0,0,0,0,2649,1
1,0,0,0,0,0,0,0,0,0,8141,1
1,0,0,0,0,0,0,0,0,0,958,1
1,0,0,0,0,0,0,0,0,0,5008,1
1,0,0,0,0,0,0,0,0,0,8945,1
1,0,0,0,0,0,0,0,0,0,8179,1
1,0,0,0,0,0,0,0,0,0,6487,1
1,0,0,0,0,0,0,0,0,0,7767,1
1,0,0,0,0,0,0,0,0,0,2215,1
1,0,0,0,0,0,0,0,0,0,2685,1
1,0,0,0,0,0,0,0,0,0,351,1
1,0,0,0,0,0,0,0,0,0,8710,1
1,0,0,0,0,0,0,0,0,0,7932,1
1,0,0,0,0,0,0,0,0,0,6028,1
1,0,0,0,0,0,0,0,0,0,8380,1
1,0,0,0,0,0,0,0,0,0,3768,1
1,0,0,0,0,0,0,0,0,0,4915,1
1,0,0,0,0,0,0,0,0,0,4129,1
1,0,0,0,0,0,0,0,0,0,7751,1
1,0,0,0,0,0,0,0,0,0,6683,1
1,0,0,0,0,0,0,0,0,0,7335,1
1,0,0,0,0,0,0,0,0,0,3795,1
1,0,0,0,0,0,0,0,0,0,6021,1
1,0,0,0,0,0,0,0,0,0,4120,1
1,0,0,0,0,0,0,0,0,0,3598,1
1,0,0,0,0,0,0,0,0,0,8514,1
1,0,0,0,0,0,0,0,0,0,6648,1
1,0,0,0,0,0,0,0,0,0,3934,1
1,0,0,0,0,0,0,0,0,0,3108,1
1,0,0,0,0,0,0,0,0,0,6670,1
1,0,0,0,0,0,0,0,0,0,6026,1
1,0,0,0,0,0,0,0,0,0,8980,1
1,0,0,0,0,0,0,0,0,0,8974,1
1,0,0,0,0,0,0,0,0,0,2472,1
1,0,0,0,0,0,0,0,0,0,7332,1
1,0,0,0,0,0,0,0,0,0,7564,1
1,0,0,0,0,0,0,0,0,0,8183,1
1,0,0,0,0,0,0,0,0,0,4924,1
1,0,0,0,0,0,0,0,0,0,394,1
1,0,0,0,0,0,0,0,0,0,4588,1
1,0,0,0,0,0,0,0,0,0,8345,1
1,0,0,0,0,0,0,0,0,0,6871,1
1,0,0,0,0,0,0,0,0,0,2089,1
1,0,0,0,0,0,0,0,0,0,334,1
1,0,0,0,0,0,0,0,0,0,4984,1
1,0,0,0,0,0,0,0,0,0,5258,1
1,0,0,0,0,0,0,0,0,0,2841,1
1,0,0,0,0,0,0,0,0,0,8123,1
1,0,0,0,0,0,0,0,0,0,1401,1
1,0,0,0,0,0,0,0,0,0,4517,1
1,0,0,0,0,0,0,0,0,0,9208,1
1,0,0,0,0,0,0,0,0,0,6240,1
1,0,0,0,0,0,0,0,0,0,7392,1
1,0,0,0,0,0,0,0,0,0,1091,1
1,0,0,0,0,0,0,0,0,0,7366,1
1,0,0,0,0,0,0,0,0,0,6086,1
1,0,0,0,0,0,0,0,0,0,7154,1
1,0,0,0,0,0,0,0,0,0,8316,1
1,0,0,0,0,0,0,0,0,0,565,1
1,0,0,0,0,0,0,0,0,0,5099,1
1,0,0,0,0,0,0,0,0,0,1439,1
1,0,0,0,0,0,0,0,0,0,7537,1
1,0,0,0,0,0,0,0,0,0,2421,1
1,0,0,0,0,0,0,0,0,0,6081,1
1,0,0,0,0,0,0,0,0,0,1096,1
1,0,0,0,0,0,0,0,0,0,4722,1
1,0,0,0,0,0,0,0,0,0,1062,1
1,0,0,0,0,0,0,0,0,0,7395,1
1,0,0,0,0,0,0,0,0,0,4948,1
1,0,0,0,0,0,0,0,0,0,3351,1
1,0,0,0,0,0,0,0,0,0,6623,1
1,0,0,0,0,0,0,0,0,0,305,1
1,0,0,0,0,0,0,0,0,0,7368,1
1,0,0,0,0,0,0,0,0,0,9206,1
1,0,0,0,0,0,0,0,0,0,7992,1
1,0,0,0,0,0,0,0,0,0,2884,1
1,0,0,0,0,0,0,0,0,0,6418,1
1,0,0,0,0,0,0,0,0,0,3956,1
1,0,0,0,0,0,0,0,0,0,7959,1
1,0,0,0,0,0,0,0,0,0,97,1
1,0,0,0,0,0,0,0,0,0,5858,1
1,0,0,0,0,0,0,0,0,0,2073,1
1,0,0,0,0,0,0,0,0,0,108,1
1,0,0,0,0,0,0,0,0,0,1430,1
1,0,0,0,0,0,0,0,0,0,6427,1
1,0,0,0,0,0,0,0,0,0,8585,1
1,0,0,0,0,0,0,0,0,0,2883,1
1,0,0,0,0,0,0,0,0,0,3951,1
1,0,0,0,0,0,0,0,0,0,9033,1
1,0,0,0,0,0,0,0,0,0,766,1
1,0,0,0,0,0,0,0,0,0,2877,1
1,0,0,0,0,0,0,0,0,0,3704,1
1,0,0,0,0,0,0,0,0,0,6276,1
1,0,0,0,0,0,0,0,0,0,1053,1
1,0,0,0,0,0,0,0,0,0,4713,1
1,0,0,0,0,0,0,0,0,0,3536,1
1,0,0,0,0,0,0,0,0,0,3152,1
1,0,0,0,0,0,0,0,0,0,6420,1
1,0,0,0,0,0,0,0,0,0,5097,1
1,0,0,0,0,0,0,0,0,0,933,1
1,0,0,0,0,0,0,0,0,0,2848,1
1,0,0,0,0,0,0,0,0,0,2246,1
1,0,0,0,0,0,0,0,0,0,759,1
1,0,0,0,0,0,0,0,0,0,4695,1
1,0,0,0,0,0,0,0,0,0,3020,1
1,0,0,0,0,0,0,0,0,0,1545,1
1,0,0,0,0,0,0,0,0,0,5581,1
1,0,0,0,0,0,0,0,0,0,4661,1
1,0,0,0,0,0,0,0,0,0,6136,1
1,0,0,0,0,0,0,0,0,0,2139,1
1,0,0,0,0,0,0,0,0,0,8403,1
1,0,0,0,0,0,0,0,0,0,7813,1
1,0,0,0,0,0,0,0,0,0,8255,1
1,0,0,0,0,0,0,0,0,0,614,1
1,0,0,0,0,0,0,0,0,0,9387,1
1,0,0,0,0,0,0,0,0,0,9141,1
1,0,0,0,0,0,0,0,0,0,6935,1
1,0,0,0,0,0,0,0,0,0,4008,1
1,0,0,0,0,0,0,0,0,0,1748,1
1,0,0,0,0,0,0,0,0,0,1314,1
1,0,0,0,0,0,0,0,0,0,8897,1
1,0,0,0,0,0,0,0,0,0,4030,1
1,0,0,0,0,0,0,0,0,0,4202,1
1,0,0,0,0,0,0,0,0,0,6555,1
1,0,0,0,0,0,0,0,0,0,6793,1
1,0,0,0,0,0,0,0,0,0,248,1
1,0,0,0,0,0,0,0,0,0,8609,1
1,0,0,0,0,0,0,0,0,0,1784,1
1,0,0,0,0,0,0,0,0,0,5324,1
1,0,0,0,0,0,0,0,0,0,3018,1
1,0,0,0,0,0,0,0,0,0,6758,1
1,0,0,0,0,0,0,0,0,0,8094,1
1,0,0,0,0,0,0,0,0,0,6932,1
1,0,0,0,0,0,0,0,0,0,9146,1
1,0,0,0,0,0,0,0,0,0,8252,1
1,0,0,0,0,0,0,0,0,0,8636,1
1,0,0,0,0,0,0,0,0,0,884,1
1,0,0,0,0,0,0,0,0,0,1746,1
1,0,0,0,0,0,0,0,0,0,4234,1
1,0,0,0,0,0,0,0,0,0,5782,1
1,0,0,0,0,0,0,0,0,0,2795,1
1,0,0,0,0,0,0,0,0,0,3647,1
1,0,0,0,0,0,0,0,0,0,2305,1
1,0,0,0,0,0,0,0,0,0,7445,1
1,0,0,0,0,0,0,0,0,0,3678,1
1,0,0,0,0,0,0,0,0,0,6138,1
1,0,0,0,0,0,0,0,0,0,4039,1
1,0,0,0,0,0,0,0,0,0,2108,1
1,0,0,0,0,0,0,0,0,0,625,1
1,0,0,0,0,0,0,0,0,0,417,1
1,0,0,0,0,0,0,0,0,0,7822,1
1,0,0,0,0,0,0,0,0,0,2302,1
1,0,0,0,0,0,0,0,0,0,7026,1
1,0,0,0,0,0,0,0,0,0,8852,1
1,0,0,0,0,0,0,0,0,0,5771,1
1,0,0,0,0,0,0,0,0,0,4465,1
1,0,0,0,0,0,0,0,0,0,3640,1
1,0,0,0,0,0,0,0,0,0,9148,1
1,0,0,0,0,0,0,0,0,0,1741,1
1,0,0,0,0,0,0,0,0,0,6756,1
1,0,0,0,0,0,0,0,0,0,7019,1
1,0,0,0,0,0,0,0,0,0,7825,1
1,0,0,0,0,0,0,0,0,0,246,1
1,0,0,0,0,0,0,0,0,0,4668,1
1,0,0,0,0,0,0,0,0,0,1128,1
1,0,0,0,0,0,0,0,0,0,5588,1
1,0,0,0,0,0,0,0,0,0,676,1
1,0,0,0,0,0,0,0,0,0,212,1
1,0,0,0,0,0,0,0,0,0,8495,1
1,0,0,0,0,0,0,0,0,0,2993,1
1,0,0,0,0,0,0,0,0,0,5984,1
1,0,0,0,0,0,0,0,0,0,3419,1
1,0,0,0,0,0,0,0,0,0,7885,1
1,0,0,0,0,0,0,0,0,0,8806,1
1,0,0,0,0,0,0,0,0,0,7072,1
1,0,0,0,0,0,0,0,0,0,5517,1
1,0,0,0,0,0,0,0,0,0,6366,1
1,0,0,0,0,0,0,0,0,0,1143,1
1,0,0,0,0,0,0,0,0,0,3270,1
1,0,0,0,0,0,0,0,0,0,6702,1
1,0,0,0,0,0,0,0,0,0,5187,1
1,0,0,0,0,0,0,0,0,0,2190,1
1,0,0,0,0,0,0,0,0,0,6530,1
1,0,0,0,0,0,0,0,0,0,4099,1
1,0,0,0,0,0,0,0,0,0,8654,1
1,0,0,0,0,0,0,0,0,0,3045,1
1,0,0,0,0,0,0,0,0,0,6537,1
1,0,0,0,0,0,0,0,0,0,488,1
1,0,0,0,0,0,0,0,0,0,5510,1
1,0,0,0,0,0,0,0,0,0,4867,1
1,0,0,0,0,0,0,0,0,0,3870,1
1,0,0,0,0,0,0,0,0,0,7088,1
1,0,0,0,0,0,0,0,0,0,475,1
1,0,0,0,0,0,0,0,0,0,6992,1
1,0,0,0,0,0,0,0,0,0,5519,1
1,0,0,0,0,0,0,0,0,0,223,1
1,0,0,0,0,0,0,0,0,0,5941,1
1,0,0,0,0,0,0,0,0,0,2956,1
1,0,0,0,0,0,0,0,0,0,4632,1
1,0,0,0,0,0,0,0,0,0,1340,1
1,0,0,0,0,0,0,0,0,0,812,1
1,0,0,0,0,0,0,0,0,0,5370,1
1,0,0,0,0,0,0,0,0,0,7043,1
1,0,0,0,0,0,0,0,0,0,8665,1
1,0,0,0,0,0,0,0,0,0,8201,1
1,0,0,0,0,0,0,0,0,0,1982,1
1,0,0,0,0,0,0,0,0,0,8033,1
1,0,0,0,0,0,0,0,0,0,486,1
1,0,0,0,0,0,0,0,0,0,7878,1
1,0,0,0,0,0,0,0,0,0,1181,1
1,0,0,0,0,0,0,0,0,0,3080,1
1,0,0,0,0,0,0,0,0,0,4063,1
1,0,0,0,0,0,0,0,0,0,3246,1
1,0,0,0,0,0,0,0,0,0,6734,1
1,0,0,0,0,0,0,0,0,0,5383,1
1,0,0,0,0,0,0,0,0,0,1347,1
1,0,0,0,0,0,0,0,0,0,9318,1
1,0,0,0,0,0,0,0,0,0,7282,1
1,0,0,0,0,0,0,0,0,0,9149,1
1,0,0,0,0,0,0,0,0,0,6101,1
1,0,0,0,0,0,0,0,0,0,1324,1
1,0,0,0,0,0,0,0,0,0,4464,1
1,0,0,0,0,0,0,0,0,0,1116,1
1,0,0,0,0,0,0,0,0,0,3017,1
1,0,0,0,0,0,0,0,0,0,1740,1
1,0,0,0,0,0,0,0,0,0,5126,1
1,0,0,0,0,0,0,0,0,0,8639,1
1,0,0,0,0,0,0,0,0,0,2303,1
1,0,0,0,0,0,0,0,0,0,7671,1
1,0,0,0,0,0,0,0,0,0,2555,1
1,0,0,0,0,0,0,0,0,0,4490,1
1,0,0,0,0,0,0,0,0,0,2767,1
1,0,0,0,0,0,0,0,0,0,7488,1
1,0,0,0,0,0,0,0,0,0,4669,1
1,0,0,0,0,0,0,0,0,0,8050,1
1,0,0,0,0,0,0,0,0,0,7018,1
1,0,0,0,0,0,0,0,0,0,8606,1
1,0,0,0,0,0,0,0,0,0,5119,1
1,0,0,0,0,0,0,0,0,0,2760,1
1,0,0,0,0,0,0,0,0,0,8068,1
1,0,0,0,0,0,0,0,0,0,8854,1
1,0,0,0,0,0,0,0,0,0,2304,1
1,0,0,0,0,0,0,0,0,0,1747,1
1,0,0,0,0,0,0,0,0,0,3474,1
1,0,0,0,0,0,0,0,0,0,1323,1
1,0,0,0,0,0,0,0,0,0,8601,1
1,0,0,0,0,0,0,0,0,0,240,1
1,0,0,0,0,0,0,0,0,0,2109,1
1,0,0,0,0,0,0,0,0,0,9185,1
1,0,0,0,0,0,0,0,0,0,624,1
1,0,0,0,0,0,0,0,0,0,8291,1
1,0,0,0,0,0,0,0,0,0,7472,1
1,0,0,0,0,0,0,0,0,0,249,1
1,0,0,0,0,0,0,0,0,0,2756,1
1,0,0,0,0,0,0,0,0,0,5573,1
1,0,0,0,0,0,0,0,0,0,5741,1
1,0,0,0,0,0,0,0,0,0,8862,1
1,0,0,0,0,0,0,0,0,0,4455,1
1,0,0,0,0,0,0,0,0,0,1127,1
1,0,0,0,0,0,0,0,0,0,1315,1
1,0,0,0,0,0,0,0,0,0,3442,1
1,0,0,0,0,0,0,0,0,0,4203,1
1,0,0,0,0,0,0,0,0,0,1771,1
1,0,0,0,0,0,0,0,0,0,3026,1
1,0,0,0,0,0,0,0,0,0,6766,1
1,0,0,0,0,0,0,0,0,0,612,1
1,0,0,0,0,0,0,0,0,0,8637,1
1,0,0,0,0,0,0,0,0,0,6759,1
1,0,0,0,0,0,0,0,0,0,1544,1
1,0,0,0,0,0,0,0,0,0,1776,1
1,0,0,0,0,0,0,0,0,0,6553,1
1,0,0,0,0,0,0,0,0,0,7481,1
1,0,0,0,0,0,0,0,0,0,5580,1
1,0,0,0,0,0,0,0,0,0,5574,1
1,0,0,0,0,0,0,0,0,0,1923,1
1,0,0,0,0,0,0,0,0,0,3648,1
1,0,0,0,0,0,0,0,0,0,9372,1
1,0,0,0,0,0,0,0,0,0,8092,1
1,0,0,0,0,0,0,0,0,0,4835,1
1,0,0,0,0,0,0,0,0,0,6598,1
1,0,0,0,0,0,0,0,0,0,2904,1
1,0,0,0,0,0,0,0,0,0,9326,1
1,0,0,0,0,0,0,0,0,0,4861,1
1,0,0,0,0,0,0,0,0,0,6538,1
1,0,0,0,0,0,0,0,0,0,4895,1
1,0,0,0,0,0,0,0,0,0,6994,1
1,0,0,0,0,0,0,0,0,0,473,1
1,0,0,0,0,0,0,0,0,0,7248,1
1,0,0,0,0,0,0,0,0,0,8200,1
1,0,0,0,0,0,0,0,0,0,1983,1
1,0,0,0,0,0,0,0,0,0,1722,1
1,0,0,0,0,0,0,0,0,0,1510,1
1,0,0,0,0,0,0,0,0,0,7283,1
1,0,0,0,0,0,0,0,0,0,9319,1
1,0,0,0,0,0,0,0,0,0,6163,1
1,0,0,0,0,0,0,0,0,0,3411,1
1,0,0,0,0,0,0,0,0,0,4634,1
1,0,0,0,0,0,0,0,0,0,2153,1
1,0,0,0,0,0,0,0,0,0,3081,1
1,0,0,0,0,0,0,0,0,0,8207,1
1,0,0,0,0,0,0,0,0,0,7841,1
1,0,0,0,0,0,0,0,0,0,474,1
1,0,0,0,0,0,0,0,0,0,3885,1
1,0,0,0,0,0,0,0,0,0,2359,1
1,0,0,0,0,0,0,0,0,0,222,1
1,0,0,0,0,0,0,0,0,0,4268,1
1,0,0,0,0,0,0,0,0,0,3871,1
1,0,0,0,0,0,0,0,0,0,1528,1
1,0,0,0,0,0,0,0,0,0,5715,1
1,0,0,0,0,0,0,0,0,0,2702,1
1,0,0,0,0,0,0,0,0,0,679,1
1,0,0,0,0,0,0,0,0,0,6164,1
1,0,0,0,0,0,0,0,0,0,1517,1
1,0,0,0,0,0,0,0,0,0,3072,1
1,0,0,0,0,0,0,0,0,0,2961,1
1,0,0,0,0,0,0,0,0,0,7877,1
1,0,0,0,0,0,0,0,0,0,1946,1
1,0,0,0,0,0,0,0,0,0,684,1
1,0,0,0,0,0,0,0,0,0,7883,1
1,0,0,0,0,0,0,0,0,0,3249,1
1,0,0,0,0,0,0,0,0,0,8800,1
1,0,0,0,0,0,0,0,0,0,3282,1
1,0,0,0,0,0,0,0,0,0,4605,1
1,0,0,0,0,0,0,0,0,0,6152,1
1,0,0,0,0,0,0,0,0,0,1145,1
1,0,0,0,0,0,0,0,0,0,1979,1
1,0,0,0,0,0,0,0,0,0,4857,1
1,0,0,0,0,0,0,0,0,0,2992,1
1,0,0,0,0,0,0,0,0,0,7884,1
1,0,0,0,0,0,0,0,0,0,683,1
1,0,0,0,0,0,0,0,0,0,1189,1
1,0,0,0,0,0,0,0,0,0,677,1
1,0,0,0,0,0,0,0,0,0,213,1
1,0,0,0,0,0,0,0,0,0,4430,1
1,0,0,0,0,0,0,0,0,0,1370,1
1,0,0,0,0,0,0,0,0,0,4602,1
1,0,0,0,0,0,0,0,0,0,7087,1
1,0,0,0,0,0,0,0,0,0,6969,1
1,0,0,0,0,0,0,0,0,0,4292,1
1,0,0,0,0,0,0,0,0,0,7417,1
1,0,0,0,0,0,0,0,0,0,2165,1
1,0,0,0,0,0,0,0,0,0,3285,1
1,0,0,0,0,0,0,0,0,0,6393,1
1,0,0,0,0,0,0,0,0,0,648,1
1,0,0,0,0,0,0,0,0,0,5516,1
1,0,0,0,0,0,0,0,0,0,1384,1
1,0,0,0,0,0,0,0,0,0,8807,1
1,0,0,0,0,0,0,0,0,0,4076,1
1,0,0,0,0,0,0,0,0,0,5396,1
1,0,0,0,0,0,0,0,0,0,8489,1
1,0,0,0,0,0,0,0,0,0,3405,1
1,0,0,0,0,0,0,0,0,0,8825,1
1,0,0,0,0,0,0,0,0,0,458,1
1,0,0,0,0,0,0,0,0,0,2523,1
1,0,0,0,0,0,0,0,0,0,7263,1
1,0,0,0,0,0,0,0,0,0,5534,1
1,0,0,0,0,0,0,0,0,0,4082,1
1,0,0,0,0,0,0,0,0,0,3095,1
1,0,0,0,0,0,0,0,0,0,1963,1
1,0,0,0,0,0,0,0,0,0,4049,1
1,0,0,0,0,0,0,0,0,0,8684,1
1,0,0,0,0,0,0,0,0,0,2944,1
1,0,0,0,0,0,0,0,0,0,5953,1
1,0,0,0,0,0,0,0,0,0,8026,1
1,0,0,0,0,0,0,0,0,0,5157,1
1,0,0,0,0,0,0,0,0,0,7264,1
1,0,0,0,0,0,0,0,0,0,2716,1
1,0,0,0,0,0,0,0,0,0,5533,1
1,0,0,0,0,0,0,0,0,0,5701,1
1,0,0,0,0,0,0,0,0,0,7056,1
1,0,0,0,0,0,0,0,0,0,6342,1
1,0,0,0,0,0,0,0,0,0,6170,1
1,0,0,0,0,0,0,0,0,0,3402,1
1,0,0,0,0,0,0,0,0,0,1731,1
1,0,0,0,0,0,0,0,0,0,6514,1
1,0,0,0,0,0,0,0,0,0,3066,1
1,0,0,0,0,0,0,0,0,0,1503,1
1,0,0,0,0,0,0,0,0,0,6389,1
1,0,0,0,0,0,0,0,0,0,8213,1
1,0,0,0,0,0,0,0,0,0,8677,1
1,0,0,0,0,0,0,0,0,0,8683,1
1,0,0,0,0,0,0,0,0,0,4618,1
1,0,0,0,0,0,0,0,0,0,1964,1
1,0,0,0,0,0,0,0,0,0,2176,1
1,0,0,0,0,0,0,0,0,0,7094,1
1,0,0,0,0,0,0,0,0,0,200,1
1,0,0,0,0,0,0,0,0,0,5962,1
1,0,0,0,0,0,0,0,0,0,5708,1
1,0,0,0,0,0,0,0,0,0,456,1
1,0,0,0,0,0,0,0,0,0,7863,1
1,0,0,0,0,0,0,0,0,0,6179,1
1,0,0,0,0,0,0,0,0,0,4844,1
1,0,0,0,0,0,0,0,0,0,1738,1
1,0,0,0,0,0,0,0,0,0,3853,1
1,0,0,0,0,0,0,0,0,0,1156,1
1,0,0,0,0,0,0,0,0,0,6373,1
1,0,0,0,0,0,0,0,0,0,1700,1
1,0,0,0,0,0,0,0,0,0,3291,1
1,0,0,0,0,0,0,0,0,0,7403,1
1,0,0,0,0,0,0,0,0,0,5354,1
1,0,0,0,0,0,0,0,0,0,7067,1
1,0,0,0,0,0,0,0,0,0,7255,1
1,0,0,0,0,0,0,0,0,0,2727,1
1,0,0,0,0,0,0,0,0,0,3854,1
1,0,0,0,0,0,0,0,0,0,697,1
1,0,0,0,0,0,0,0,0,0,1955,1
1,0,0,0,0,0,0,0,0,0,8646,1
1,0,0,0,0,0,0,0,0,0,1559,1
1,0,0,0,0,0,0,0,0,0,9350,1
1,0,0,0,0,0,0,0,0,0,8276,1
1,0,0,0,0,0,0,0,0,0,3003,1
1,0,0,0,0,0,0,0,0,0,4014,1
1,0,0,0,0,0,0,0,0,0,2125,1
1,0,0,0,0,0,0,0,0,0,7457,1
1,0,0,0,0,0,0,0,0,0,7201,1
1,0,0,0,0,0,0,0,0,0,5556,1
1,0,0,0,0,0,0,0,0,0,8615,1
1,0,0,0,0,0,0,0,0,0,3699,1
1,0,0,0,0,0,0,0,0,0,3209,1
1,0,0,0,0,0,0,0,0,0,7808,1
1,0,0,0,0,0,0,0,0,0,7206,1
1,0,0,0,0,0,0,0,0,0,5551,1
1,0,0,0,0,0,0,0,0,0,5909,1
1,0,0,0,0,0,0,0,0,0,4013,1
1,0,0,0,0,0,0,0,0,0,3838,1
1,0,0,0,0,0,0,0,0,0,3460,1
1,0,0,0,0,0,0,0,0,0,6112,1
1,0,0,0,0,0,0,0,0,0,6320,1
1,0,0,0,0,0,0,0,0,0,8075,1
1,0,0,0,0,0,0,0,0,0,7459,1
1,0,0,0,0,0,0,0,0,0,6329,1
1,0,0,0,0,0,0,0,0,0,9153,1
1,0,0,0,0,0,0,0,0,0,853,1
1,0,0,0,0,0,0,0,0,0,2928,1
1,0,0,0,0,0,0,0,0,0,7466,1
1,0,0,0,0,0,0,0,0,0,1791,1
1,0,0,0,0,0,0,0,0,0,2570,1
1,0,0,0,0,0,0,0,0,0,5755,1
1,0,0,0,0,0,0,0,0,0,4687,1
1,0,0,0,0,0,0,0,0,0,3690,1
1,0,0,0,0,0,0,0,0,0,3456,1
1,0,0,0,0,0,0,0,0,0,6316,1
1,0,0,0,0,0,0,0,0,0,4025,1
1,0,0,0,0,0,0,0,0,0,4819,1
1,0,0,0,0,0,0,0,0,0,8086,1
1,0,0,0,0,0,0,0,0,0,9154,1
1,0,0,0,0,0,0,0,0,0,6920,1
1,0,0,0,0,0,0,0,0,0,6578,1
1,0,0,0,0,0,0,0,0,0,5309,1
1,0,0,0,0,0,0,0,0,0,9392,1
1,0,0,0,0,0,0,0,0,0,3207,1
1,0,0,0,0,0,0,0,0,0,3663,1
1,0,0,0,0,0,0,0,0,0,5560,1
1,0,0,0,0,0,0,0,0,0,2577,1
1,0,0,0,0,0,0,0,0,0,5938,1
1,0,0,0,0,0,0,0,0,0,5355,1
1,0,0,0,0,0,0,0,0,0,5503,1
1,0,0,0,0,0,0,0,0,0,7066,1
1,0,0,0,0,0,0,0,0,0,5731,1
1,0,0,0,0,0,0,0,0,0,1157,1
1,0,0,0,0,0,0,0,0,0,7092,1
1,0,0,0,0,0,0,0,0,0,3056,1
1,0,0,0,0,0,0,0,0,0,2184,1
1,0,0,0,0,0,0,0,0,0,5193,1
1,0,0,0,0,0,0,0,0,0,450,1
1,0,0,0,0,0,0,0,0,0,7059,1
1,0,0,0,0,0,0,0,0,0,2719,1
1,0,0,0,0,0,0,0,0,0,8647,1
1,0,0,0,0,0,0,0,0,0,5158,1
1,0,0,0,0,0,0,0,0,0,2389,1
1,0,0,0,0,0,0,0,0,0,6729,1
1,0,0,0,0,0,0,0,0,0,6943,1
1,0,0,0,0,0,0,0,0,0,6711,1
1,0,0,0,0,0,0,0,0,0,3051,1
1,0,0,0,0,0,0,0,0,0,3435,1
1,0,0,0,0,0,0,0,0,0,4610,1
1,0,0,0,0,0,0,0,0,0,4422,1
1,0,0,0,0,0,0,0,0,0,1150,1
1,0,0,0,0,0,0,0,0,0,8815,1
1,0,0,0,0,0,0,0,0,0,7061,1
1,0,0,0,0,0,0,0,0,0,6381,1
1,0,0,0,0,0,0,0,0,0,3899,1
1,0,0,0,0,0,0,0,0,0,5352,1
1,0,0,0,0,0,0,0,0,0,4280,1
1,0,0,0,0,0,0,0,0,0,8486,1
1,0,0,0,0,0,0,0,0,0,2974,1
1,0,0,0,0,0,0,0,0,0,7608,1
1,0,0,0,0,0,0,0,0,0,665,1
1,0,0,0,0,0,0,0,0,0,8016,1
1,0,0,0,0,0,0,0,0,0,4626,1
1,0,0,0,0,0,0,0,0,0,3255,1
1,0,0,0,0,0,0,0,0,0,1502,1
1,0,0,0,0,0,0,0,0,0,5390,1
1,0,0,0,0,0,0,0,0,0,4873,1
1,0,0,0,0,0,0,0,0,0,8682,1
1,0,0,0,0,0,0,0,0,0,6718,1
1,0,0,0,0,0,0,0,0,0,4619,1
1,0,0,0,0,0,0,0,0,0,7854,1
1,0,0,0,0,0,0,0,0,0,6986,1
1,0,0,0,0,0,0,0,0,0,3890,1
1,0,0,0,0,0,0,0,0,0,4887,1
1,0,0,0,0,0,0,0,0,0,8676,1
1,0,0,0,0,0,0,0,0,0,2146,1
1,0,0,0,0,0,0,0,0,0,2374,1
1,0,0,0,0,0,0,0,0,0,5397,1
1,0,0,0,0,0,0,0,0,0,6720,1
1,0,0,0,0,0,0,0,0,0,4077,1
1,0,0,0,0,0,0,0,0,0,7296,1
1,0,0,0,0,0,0,0,0,0,6344,1
1,0,0,0,0,0,0,0,0,0,230,1
1,0,0,0,0,0,0,0,0,0,7853,1
1,0,0,0,0,0,0,0,0,0,466,1
1,0,0,0,0,0,0,0,0,0,5738,1
1,0,0,0,0,0,0,0,0,0,8215,1
1,0,0,0,0,0,0,0,0,0,654,1
1,0,0,0,0,0,0,0,0,0,6149,1
1,0,0,0,0,0,0,0,0,0,3609,1
1,0,0,0,0,0,0,0,0,0,9333,1
1,0,0,0,0,0,0,0,0,0,3863,1
1,0,0,0,0,0,0,0,0,0,5308,1
1,0,0,0,0,0,0,0,0,0,2911,1
1,0,0,0,0,0,0,0,0,0,8417,1
1,0,0,0,0,0,0,0,0,0,264,1
1,0,0,0,0,0,0,0,0,0,9393,1
1,0,0,0,0,0,0,0,0,0,8073,1
1,0,0,0,0,0,0,0,0,0,4478,1
1,0,0,0,0,0,0,0,0,0,3239,1
1,0,0,0,0,0,0,0,0,0,4820,1
1,0,0,0,0,0,0,0,0,0,7838,1
1,0,0,0,0,0,0,0,0,0,4681,1
1,0,0,0,0,0,0,0,0,0,2320,1
1,0,0,0,0,0,0,0,0,0,2112,1
1,0,0,0,0,0,0,0,0,0,5337,1
1,0,0,0,0,0,0,0,0,0,1551,1
1,0,0,0,0,0,0,0,0,0,4023,1
1,0,0,0,0,0,0,0,0,0,3206,1
1,0,0,0,0,0,0,0,0,0,6546,1
1,0,0,0,0,0,0,0,0,0,7494,1
1,0,0,0,0,0,0,0,0,0,3034,1
1,0,0,0,0,0,0,0,0,0,5595,1
1,0,0,0,0,0,0,0,0,0,6310,1
1,0,0,0,0,0,0,0,0,0,3662,1
1,0,0,0,0,0,0,0,0,0,1569,1
1,0,0,0,0,0,0,0,0,0,8848,1
1,0,0,0,0,0,0,0,0,0,7800,1
1,0,0,0,0,0,0,0,0,0,4440,1
1,0,0,0,0,0,0,0,0,0,3033,1
1,0,0,0,0,0,0,0,0,0,4216,1
1,0,0,0,0,0,0,0,0,0,7467,1
1,0,0,0,0,0,0,0,0,0,2115,1
1,0,0,0,0,0,0,0,0,0,638,1
1,0,0,0,0,0,0,0,0,0,2743,1
1,0,0,0,0,0,0,0,0,0,9356,1
1,0,0,0,0,0,0,0,0,0,8284,1
1,0,0,0,0,0,0,0,0,0,3208,1
1,0,0,0,0,0,0,0,0,0,8614,1
1,0,0,0,0,0,0,0,0,0,5339,1
1,0,0,0,0,0,0,0,0,0,7836,1
1,0,0,0,0,0,0,0,0,0,7238,1
1,0,0,0,0,0,0,0,0,0,8270,1
1,0,0,0,0,0,0,0,0,0,1560,1
1,0,0,0,0,0,0,0,0,0,4012,1
1,0,0,0,0,0,0,0,0,0,9369,1
1,0,0,0,0,0,0,0,0,0,1104,1
1,0,0,0,0,0,0,0,0,0,1938,1
1,0,0,0,0,0,0,0,0,0,5796,1
1,0,0,0,0,0,0,0,0,0,3461,1
1,0,0,0,0,0,0,0,0,0,7035,1
1,0,0,0,0,0,0,0,0,0,7451,1
1,0,0,0,0,0,0,0,0,0,2123,1
1,0,0,0,0,0,0,0,0,0,7663,1
1,0,0,0,0,0,0,0,0,0,2311,1
1,0,0,0,0,0,0,0,0,0,1594,1
1,0,0,0,0,0,0,0,0,0,2927,1
1,0,0,0,0,0,0,0,0,0,4218,1
1,0,0,0,0,0,0,0,0,0,1558,1
1,0,0,0,0,0,0,0,0,0,6917,1
1,0,0,0,0,0,0,0,0,0,863,1
1,0,0,0,0,0,0,0,0,0,2772,1
1,0,0,0,0,0,0,0,0,0,4485,1
1,0,0,0,0,0,0,0,0,0,1331,1
1,0,0,0,0,0,0,0,0,0,3466,1
1,0,0,0,0,0,0,0,0,0,6326,1
1,0,0,0,0,0,0,0,0,0,3654,1
1,0,0,0,0,0,0,0,0,0,7690,1
1,0,0,0,0,0,0,0,0,0,4829,1
1,0,0,0,0,0,0,0,0,0,4227,1
1,0,0,0,0,0,0,0,0,0,6570,1
1,0,0,0,0,0,0,0,0,0,3002,1
1,0,0,0,0,0,0,0,0,0,1415,1
1,0,0,0,0,0,0,0,0,0,5889,1
1,0,0,0,0,0,0,0,0,0,5287,1
1,0,0,0,0,0,0,0,0,0,1627,1
1,0,0,0,0,0,0,0,0,0,3170,1
1,0,0,0,0,0,0,0,0,0,6402,1
1,0,0,0,0,0,0,0,0,0,4731,1
1,0,0,0,0,0,0,0,0,0,6092,1
1,0,0,0,0,0,0,0,0,0,7140,1
1,0,0,0,0,0,0,0,0,0,1085,1
1,0,0,0,0,0,0,0,0,0,5041,1
1,0,0,0,0,0,0,0,0,0,2056,1
1,0,0,0,0,0,0,0,0,0,7524,1
1,0,0,0,0,0,0,0,0,0,9223,1
1,0,0,0,0,0,0,0,0,0,9011,1
1,0,0,0,0,0,0,0,0,0,1618,1
1,0,0,0,0,0,0,0,0,0,4964,1
1,0,0,0,0,0,0,0,0,0,112,1
1,0,0,0,0,0,0,0,0,0,8761,1
1,0,0,0,0,0,0,0,0,0,320,1
1,0,0,0,0,0,0,0,0,0,7729,1
1,0,0,0,0,0,0,0,0,0,744,1
1,0,0,0,0,0,0,0,0,0,8305,1
1,0,0,0,0,0,0,0,0,0,8137,1
1,0,0,0,0,0,0,0,0,0,1288,1
1,0,0,0,0,0,0,0,0,0,7523,1
1,0,0,0,0,0,0,0,0,0,4194,1
1,0,0,0,0,0,0,0,0,0,5610,1
1,0,0,0,0,0,0,0,0,0,1076,1
1,0,0,0,0,0,0,0,0,0,8130,1
1,0,0,0,0,0,0,0,0,0,1881,1
1,0,0,0,0,0,0,0,0,0,743,1
1,0,0,0,0,0,0,0,0,0,6298,1
1,0,0,0,0,0,0,0,0,0,4997,1
1,0,0,0,0,0,0,0,0,0,3980,1
1,0,0,0,0,0,0,0,0,0,6862,1
1,0,0,0,0,0,0,0,0,0,7171,1
1,0,0,0,0,0,0,0,0,0,2255,1
1,0,0,0,0,0,0,0,0,0,1616,1
1,0,0,0,0,0,0,0,0,0,3525,1
1,0,0,0,0,0,0,0,0,0,77,1
1,0,0,0,0,0,0,0,0,0,6057,1
1,0,0,0,0,0,0,0,0,0,2058,1
1,0,0,0,0,0,0,0,0,0,8106,1
1,0,0,0,0,0,0,0,0,0,775,1
1,0,0,0,0,0,0,0,0,0,48,1
1,0,0,0,0,0,0,0,0,0,9212,1
1,0,0,0,0,0,0,0,0,0,5289,1
1,0,0,0,0,0,0,0,0,0,4535,1
1,0,0,0,0,0,0,0,0,0,1047,1
1,0,0,0,0,0,0,0,0,0,5083,1
1,0,0,0,0,0,0,0,0,0,3146,1
1,0,0,0,0,0,0,0,0,0,4363,1
1,0,0,0,0,0,0,0,0,0,2252,1
1,0,0,0,0,0,0,0,0,0,3380,1
1,0,0,0,0,0,0,0,0,0,8768,1
1,0,0,0,0,0,0,0,0,0,5245,1
1,0,0,0,0,0,0,0,0,0,6898,1
1,0,0,0,0,0,0,0,0,0,7975,1
1,0,0,0,0,0,0,0,0,0,7149,1
1,0,0,0,0,0,0,0,0,0,2863,1
1,0,0,0,0,0,0,0,0,0,316,1
1,0,0,0,0,0,0,0,0,0,8757,1
1,0,0,0,0,0,0,0,0,0,5874,1
1,0,0,0,0,0,0,0,0,0,9417,1
1,0,0,0,0,0,0,0,0,0,514,1
1,0,0,0,0,0,0,0,0,0,5820,1
1,0,0,0,0,0,0,0,0,0,6699,1
1,0,0,0,0,0,0,0,0,0,2837,1
1,0,0,0,0,0,0,0,0,0,170,1
1,0,0,0,0,0,0,0,0,0,1221,1
1,0,0,0,0,0,0,0,0,0,6004,1
1,0,0,0,0,0,0,0,0,0,24,1
1,0,0,0,0,0,0,0,0,0,4337,1
1,0,0,0,0,0,0,0,0,0,389,1
1,0,0,0,0,0,0,0,0,0,4939,1
1,0,0,0,0,0,0,0,0,0,4105,1
1,0,0,0,0,0,0,0,0,0,2808,1
1,0,0,0,0,0,0,0,0,0,7774,1
1,0,0,0,0,0,0,0,0,0,719,1
1,0,0,0,0,0,0,0,0,0,5675,1
1,0,0,0,0,0,0,0,0,0,1689,1
1,0,0,0,0,0,0,0,0,0,5229,1
1,0,0,0,0,0,0,0,0,0,5827,1
1,0,0,0,0,0,0,0,0,0,8704,1
1,0,0,0,0,0,0,0,0,0,7328,1
1,0,0,0,0,0,0,0,0,0,9246,1
1,0,0,0,0,0,0,0,0,0,2665,1
1,0,0,0,0,0,0,0,0,0,1484,1
1,0,0,0,0,0,0,0,0,0,5818,1
1,0,0,0,0,0,0,0,0,0,5024,1
1,0,0,0,0,0,0,0,0,0,6493,1
1,0,0,0,0,0,0,0,0,0,4330,1
1,0,0,0,0,0,0,0,0,0,3571,1
1,0,0,0,0,0,0,0,0,0,7548,1
1,0,0,0,0,0,0,0,0,0,4,1
1,0,0,0,0,0,0,0,0,0,4339,1
1,0,0,0,0,0,0,0,0,0,9426,1
1,0,0,0,0,0,0,0,0,0,9270,1
1,0,0,0,0,0,0,0,0,0,6836,1
1,0,0,0,0,0,0,0,0,0,8190,1
1,0,0,0,0,0,0,0,0,0,3578,1
1,0,0,0,0,0,0,0,0,0,7745,1
1,0,0,0,0,0,0,0,0,0,6697,1
1,0,0,0,0,0,0,0,0,0,2005,1
1,0,0,0,0,0,0,0,0,0,3781,1
1,0,0,0,0,0,0,0,0,0,15,1
1,0,0,0,0,0,0,0,0,0,6207,1
1,0,0,0,0,0,0,0,0,0,3123,1
1,0,0,0,0,0,0,0,0,0,5688,1
1,0,0,0,0,0,0,0,0,0,4568,1
1,0,0,0,0,0,0,0,0,0,380,1
1,0,0,0,0,0,0,0,0,0,9421,1
1,0,0,0,0,0,0,0,0,0,2459,1
1,0,0,0,0,0,0,0,0,0,1673,1
1,0,0,0,0,0,0,0,0,0,3316,1
1,0,0,0,0,0,0,0,0,0,4557,1
1,0,0,0,0,0,0,0,0,0,7326,1
1,0,0,0,0,0,0,0,0,0,2466,1
1,0,0,0,0,0,0,0,0,0,5643,1
1,0,0,0,0,0,0,0,0,0,7570,1
1,0,0,0,0,0,0,0,0,0,5015,1
1,0,0,0,0,0,0,0,0,0,7742,1
1,0,0,0,0,0,0,0,0,0,6690,1
1,0,0,0,0,0,0,0,0,0,7721,1
1,0,0,0,0,0,0,0,0,0,2253,1
1,0,0,0,0,0,0,0,0,0,7177,1
1,0,0,0,0,0,0,0,0,0,4534,1
1,0,0,0,0,0,0,0,0,0,3711,1
1,0,0,0,0,0,0,0,0,0,7183,1
1,0,0,0,0,0,0,0,0,0,6051,1
1,0,0,0,0,0,0,0,0,0,4706,1
1,0,0,0,0,0,0,0,0,0,2095,1
1,0,0,0,0,0,0,0,0,0,1422,1
1,0,0,0,0,0,0,0,0,0,5082,1
1,0,0,0,0,0,0,0,0,0,541,1
1,0,0,0,0,0,0,0,0,0,2862,1
1,0,0,0,0,0,0,0,0,0,1079,1
1,0,0,0,0,0,0,0,0,0,6600,1
1,0,0,0,0,0,0,0,0,0,1617,1
1,0,0,0,0,0,0,0,0,0,4533,1
1,0,0,0,0,0,0,0,0,0,6264,1
1,0,0,0,0,0,0,0,0,0,82,1
1,0,0,0,0,0,0,0,0,0,1889,1
1,0,0,0,0,0,0,0,0,0,6290,1
1,0,0,0,0,0,0,0,0,0,3729,1
1,0,0,0,0,0,0,0,0,0,3943,1
1,0,0,0,0,0,0,0,0,0,8597,1
1,0,0,0,0,0,0,0,0,0,2865,1
1,0,0,0,0,0,0,0,0,0,7719,1
1,0,0,0,0,0,0,0,0,0,8335,1
1,0,0,0,0,0,0,0,0,0,9028,1
1,0,0,0,0,0,0,0,0,0,40,1
1,0,0,0,0,0,0,0,0,0,7380,1
1,0,0,0,0,0,0,0,0,0,1077,1
1,0,0,0,0,0,0,0,0,0,7710,1
1,0,0,0,0,0,0,0,0,0,319,1
1,0,0,0,0,0,0,0,0,0,5047,1
1,0,0,0,0,0,0,0,0,0,4195,1
1,0,0,0,0,0,0,0,0,0,7522,1
1,0,0,0,0,0,0,0,0,0,3182,1
1,0,0,0,0,0,0,0,0,0,5611,1
1,0,0,0,0,0,0,0,0,0,8932,1
1,0,0,0,0,0,0,0,0,0,7374,1
1,0,0,0,0,0,0,0,0,0,2606,1
1,0,0,0,0,0,0,0,0,0,6609,1
1,0,0,0,0,0,0,0,0,0,9017,1
1,0,0,0,0,0,0,0,0,0,6863,1
1,0,0,0,0,0,0,0,0,0,2639,1
1,0,0,0,0,0,0,0,0,0,8303,1
1,0,0,0,0,0,0,0,0,0,3981,1
1,0,0,0,0,0,0,0,0,0,928,1
1,0,0,0,0,0,0,0,0,0,8555,1
1,0,0,0,0,0,0,0,0,0,5616,1
1,0,0,0,0,0,0,0,0,0,5272,1
1,0,0,0,0,0,0,0,0,0,3185,1
1,0,0,0,0,0,0,0,0,0,4354,1
1,0,0,0,0,0,0,0,0,0,1414,1
1,0,0,0,0,0,0,0,0,0,7387,1
1,0,0,0,0,0,0,0,0,0,6067,1
1,0,0,0,0,0,0,0,0,0,47,1
1,0,0,0,0,0,0,0,0,0,3515,1
1,0,0,0,0,0,0,0,0,0,5843,1
1,0,0,0,0,0,0,0,0,0,7728,1
1,0,0,0,0,0,0,0,0,0,2068,1
1,0,0,0,0,0,0,0,0,0,6890,1
1,0,0,0,0,0,0,0,0,0,577,1
1,0,0,0,0,0,0,0,0,0,8304,1
1,0,0,0,0,0,0,0,0,0,6058,1
1,0,0,0,0,0,0,0,0,0,583,1
1,0,0,0,0,0,0,0,0,0,3718,1
1,0,0,0,0,0,0,0,0,0,1619,1
1,0,0,0,0,0,0,0,0,0,711,1
1,0,0,0,0,0,0,0,0,0,8162,1
1,0,0,0,0,0,0,0,0,0,4569,1
1,0,0,0,0,0,0,0,0,0,7788,1
1,0,0,0,0,0,0,0,0,0,2003,1
1,0,0,0,0,0,0,0,0,0,178,1
1,0,0,0,0,0,0,0,0,0,3317,1
1,0,0,0,0,0,0,0,0,0,6665,1
1,0,0,0,0,0,0,0,0,0,3919,1
1,0,0,0,0,0,0,0,0,0,4300,1
1,0,0,0,0,0,0,0,0,0,1672,1
1,0,0,0,0,0,0,0,0,0,2493,1
1,0,0,0,0,0,0,0,0,0,13,1
1,0,0,0,0,0,0,0,0,0,3541,1
1,0,0,0,0,0,0,0,0,0,8995,1
1,0,0,0,0,0,0,0,0,0,4764,1
1,0,0,0,0,0,0,0,0,0,1818,1
1,0,0,0,0,0,0,0,0,0,386,1
1,0,0,0,0,0,0,0,0,0,3579,1
1,0,0,0,0,0,0,0,0,0,2699,1
1,0,0,0,0,0,0,0,0,0,5810,1
1,0,0,0,0,0,0,0,0,0,8501,1
1,0,0,0,0,0,0,0,0,0,1023,1
1,0,0,0,0,0,0,0,0,0,6206,1
1,0,0,0,0,0,0,0,0,0,8992,1
1,0,0,0,0,0,0,0,0,0,1211,1
1,0,0,0,0,0,0,0,0,0,1447,1
1,0,0,0,0,0,0,0,0,0,4909,1
1,0,0,0,0,0,0,0,0,0,3310,1
1,0,0,0,0,0,0,0,0,0,6696,1
1,0,0,0,0,0,0,0,0,0,2652,1
1,0,0,0,0,0,0,0,0,0,9075,1
1,0,0,0,0,0,0,0,0,0,1218,1
1,0,0,0,0,0,0,0,0,0,9247,1
1,0,0,0,0,0,0,0,0,0,3917,1
1,0,0,0,0,0,0,0,0,0,5826,1
1,0,0,0,0,0,0,0,0,0,512,1
1,0,0,0,0,0,0,0,0,0,1643,1
1,0,0,0,0,0,0,0,0,0,1471,1
1,0,0,0,0,0,0,0,0,0,9278,1
1,0,0,0,0,0,0,0,0,0,1227,1
1,0,0,0,0,0,0,0,0,0,8198,1
1,0,0,0,0,0,0,0,0,0,3570,1
1,0,0,0,0,0,0,0,0,0,2664,1
1,0,0,0,0,0,0,0,0,0,2456,1
1,0,0,0,0,0,0,0,0,0,7540,1
1,0,0,0,0,0,0,0,0,0,2200,1
1,0,0,0,0,0,0,0,0,0,5819,1
1,0,0,0,0,0,0,0,0,0,7920,1
1,0,0,0,0,0,0,0,0,0,9086,1
1,0,0,0,0,0,0,0,0,0,2836,1
1,0,0,0,0,0,0,0,0,0,4907,1
1,0,0,0,0,0,0,0,0,0,7775,1
1,0,0,0,0,0,0,0,0,0,5022,1
1,0,0,0,0,0,0,0,0,0,2035,1
1,0,0,0,0,0,0,0,0,0,972,1
1,0,0,0,0,0,0,0,0,0,3583,1
1,0,0,0,0,0,0,0,0,0,8359,1
1,0,0,0,0,0,0,0,0,0,4594,1
1,0,0,0,0,0,0,0,0,0,4752,1
1,0,0,0,0,0,0,0,0,0,1220,1
1,0,0,0,0,0,0,0,0,0,1644,1
